<?xml version="1.0" encoding="UTF-8"?>
<office:document-content xmlns:office="urn:oasis:names:tc:opendocument:xmlns:office:1.0" xmlns:style="urn:oasis:names:tc:opendocument:xmlns:style:1.0" xmlns:text="urn:oasis:names:tc:opendocument:xmlns:text:1.0" xmlns:table="urn:oasis:names:tc:opendocument:xmlns:table:1.0" xmlns:draw="urn:oasis:names:tc:opendocument:xmlns:drawing:1.0" xmlns:fo="urn:oasis:names:tc:opendocument:xmlns:xsl-fo-compatible:1.0" xmlns:xlink="http://www.w3.org/1999/xlink" xmlns:dc="http://purl.org/dc/elements/1.1/" xmlns:meta="urn:oasis:names:tc:opendocument:xmlns:meta:1.0" xmlns:number="urn:oasis:names:tc:opendocument:xmlns:datastyle:1.0" xmlns:svg="urn:oasis:names:tc:opendocument:xmlns:svg-compatible:1.0" xmlns:chart="urn:oasis:names:tc:opendocument:xmlns:chart:1.0" xmlns:dr3d="urn:oasis:names:tc:opendocument:xmlns:dr3d:1.0" xmlns:math="http://www.w3.org/1998/Math/MathML" xmlns:form="urn:oasis:names:tc:opendocument:xmlns:form:1.0" xmlns:script="urn:oasis:names:tc:opendocument:xmlns:script:1.0" xmlns:ooo="http://openoffice.org/2004/office" xmlns:ooow="http://openoffice.org/2004/writer" xmlns:oooc="http://openoffice.org/2004/calc" xmlns:dom="http://www.w3.org/2001/xml-events" xmlns:xforms="http://www.w3.org/2002/xforms" xmlns:xsd="http://www.w3.org/2001/XMLSchema" xmlns:xsi="http://www.w3.org/2001/XMLSchema-instance" xmlns:rpt="http://openoffice.org/2005/report" xmlns:of="urn:oasis:names:tc:opendocument:xmlns:of:1.2" xmlns:xhtml="http://www.w3.org/1999/xhtml" xmlns:grddl="http://www.w3.org/2003/g/data-view#" xmlns:officeooo="http://openoffice.org/2009/office" xmlns:tableooo="http://openoffice.org/2009/table" xmlns:drawooo="http://openoffice.org/2010/draw" xmlns:calcext="urn:org:documentfoundation:names:experimental:calc:xmlns:calcext:1.0" xmlns:loext="urn:org:documentfoundation:names:experimental:office:xmlns:loext:1.0" xmlns:field="urn:openoffice:names:experimental:ooo-ms-interop:xmlns:field:1.0" xmlns:formx="urn:openoffice:names:experimental:ooxml-odf-interop:xmlns:form:1.0" xmlns:css3t="http://www.w3.org/TR/css3-text/" office:version="1.2"><office:scripts/><office:font-face-decls><style:font-face style:name="OpenSymbol" svg:font-family="OpenSymbol" style:font-charset="x-symbol"><svg:font-face-src><svg:font-face-uri xlink:href="Fonts/font1.ttf" xlink:type="simple"/></svg:font-face-src></style:font-face><style:font-face style:name="IPAexゴシック" svg:font-family="IPAexゴシック"><svg:font-face-src><svg:font-face-uri xlink:href="Fonts/font2.ttf" xlink:type="simple"/></svg:font-face-src></style:font-face><style:font-face style:name="IPAex明朝" svg:font-family="IPAex明朝"><svg:font-face-src><svg:font-face-uri xlink:href="Fonts/font3.ttf" xlink:type="simple"/></svg:font-face-src></style:font-face><style:font-face style:name="StarSymbol" svg:font-family="StarSymbol"/><style:font-face style:name="Tahoma1" svg:font-family="Tahoma"/><style:font-face style:name="Inconsolata" svg:font-family="Inconsolata" style:font-adornments="標準" style:font-pitch="fixed"/><style:font-face style:name="Courier New" svg:font-family="&apos;Courier New&apos;" style:font-family-generic="modern" style:font-pitch="fixed"/><style:font-face style:name="IPA Pゴシック" svg:font-family="&apos;IPA Pゴシック&apos;" style:font-family-generic="modern" style:font-pitch="fixed"/><style:font-face style:name="Lato" svg:font-family="Lato" style:font-adornments="標準" style:font-pitch="variable"><svg:font-face-src><svg:font-face-uri xlink:href="Fonts/font4.ttf" xlink:type="simple"/><svg:font-face-uri xlink:href="Fonts/font5.ttf" xlink:type="simple"/><svg:font-face-uri xlink:href="Fonts/font6.ttf" xlink:type="simple"/><svg:font-face-uri xlink:href="Fonts/font7.ttf" xlink:type="simple"/></svg:font-face-src></style:font-face><style:font-face style:name="Lato Light" svg:font-family="&apos;Lato Light&apos;" style:font-adornments="細字" style:font-pitch="variable"/><style:font-face style:name="Lato Medium" svg:font-family="&apos;Lato Medium&apos;" style:font-adornments="標準" style:font-pitch="variable"/><style:font-face style:name="M+ 1m regular" svg:font-family="&apos;M+ 1m regular&apos;" style:font-adornments="標準" style:font-pitch="variable"><svg:font-face-src><svg:font-face-uri xlink:href="Fonts/font8.ttf" xlink:type="simple"/></svg:font-face-src></style:font-face><style:font-face style:name="M+ 1p light" svg:font-family="&apos;M+ 1p light&apos;" style:font-adornments="細字" style:font-pitch="variable"/><style:font-face style:name="M+ 1p regular" svg:font-family="&apos;M+ 1p regular&apos;" style:font-adornments="標準" style:font-pitch="variable"><svg:font-face-src><svg:font-face-uri xlink:href="Fonts/font9.ttf" xlink:type="simple"/></svg:font-face-src></style:font-face><style:font-face style:name="Tahoma" svg:font-family="Tahoma" style:font-family-generic="system" style:font-pitch="variable"/></office:font-face-decls><office:automatic-styles><style:style style:name="P1" style:family="paragraph" style:parent-style-name="Footer"><style:paragraph-properties fo:text-align="center" style:justify-single-word="false"/></style:style><style:style style:name="P2" style:family="paragraph" style:parent-style-name="Heading_20_4"><style:paragraph-properties fo:break-before="page"/></style:style><style:style style:name="P3" style:family="paragraph" style:parent-style-name="Heading_20_2"><style:paragraph-properties fo:break-before="page"/></style:style><style:style style:name="P4" style:family="paragraph" style:parent-style-name="Text_20_body" style:list-style-name="L1"><style:paragraph-properties fo:margin-top="0cm" fo:margin-bottom="0cm" loext:contextual-spacing="false"/></style:style><style:style style:name="P5" style:family="paragraph" style:parent-style-name="Text_20_body" style:list-style-name="L2"><style:paragraph-properties fo:margin-top="0cm" fo:margin-bottom="0cm" loext:contextual-spacing="false"/></style:style><style:style style:name="P6" style:family="paragraph" style:parent-style-name="Text_20_body" style:list-style-name="L3"><style:paragraph-properties fo:margin-top="0cm" fo:margin-bottom="0cm" loext:contextual-spacing="false"/></style:style><style:style style:name="P7" style:family="paragraph" style:parent-style-name="Text_20_body" style:list-style-name="L4"><style:paragraph-properties fo:margin-top="0cm" fo:margin-bottom="0cm" loext:contextual-spacing="false"/></style:style><style:style style:name="P8" style:family="paragraph" style:parent-style-name="Text_20_body" style:list-style-name="L5"><style:paragraph-properties fo:margin-top="0cm" fo:margin-bottom="0cm" loext:contextual-spacing="false"/></style:style><style:style style:name="P9" style:family="paragraph" style:parent-style-name="Text_20_body" style:list-style-name="L6"><style:paragraph-properties fo:margin-top="0cm" fo:margin-bottom="0cm" loext:contextual-spacing="false"/></style:style><style:style style:name="P10" style:family="paragraph" style:parent-style-name="Text_20_body" style:list-style-name="L7"><style:paragraph-properties fo:margin-top="0cm" fo:margin-bottom="0cm" loext:contextual-spacing="false"/></style:style><style:style style:name="P11" style:family="paragraph" style:parent-style-name="Heading_20_3"><style:paragraph-properties fo:break-before="page"/></style:style><style:style style:name="P12" style:family="paragraph" style:parent-style-name="Title"/><style:style style:name="T1" style:family="text"><style:text-properties fo:font-weight="bold" style:font-weight-asian="bold" style:font-weight-complex="bold"/></style:style><style:style style:name="T2" style:family="text"><style:text-properties fo:font-style="italic" style:font-style-asian="italic" style:font-style-complex="italic"/></style:style><style:style style:name="fr1" style:family="graphic" style:parent-style-name="Graphics"><style:graphic-properties style:vertical-pos="bottom" style:vertical-rel="paragraph" style:horizontal-pos="center" style:horizontal-rel="paragraph" style:mirror="none" fo:clip="rect(0cm, 0cm, 0cm, 0cm)" draw:luminance="0%" draw:contrast="0%" draw:red="0%" draw:green="0%" draw:blue="0%" draw:gamma="100%" draw:color-inversion="false" draw:image-opacity="100%" draw:color-mode="standard"/></style:style><text:list-style style:name="L1"><text:list-level-style-bullet text:level="1" text:style-name="Bullet_20_Symbols" style:num-suffix="." text:bullet-char="•"><style:list-level-properties text:space-before="0.635cm" text:min-label-width="0.635cm"/></text:list-level-style-bullet><text:list-level-style-bullet text:level="2" text:style-name="Bullet_20_Symbols" style:num-suffix="." text:bullet-char="‣"><style:list-level-properties text:space-before="1.27cm" text:min-label-width="0.635cm"/></text:list-level-style-bullet><text:list-level-style-bullet text:level="3" text:style-name="Bullet_20_Symbols" style:num-suffix="." text:bullet-char="⁃"><style:list-level-properties text:space-before="1.905cm" text:min-label-width="0.635cm"/></text:list-level-style-bullet><text:list-level-style-bullet text:level="4" text:style-name="Bullet_20_Symbols" style:num-suffix="." text:bullet-char="•"><style:list-level-properties text:space-before="2.54cm" text:min-label-width="0.635cm"/></text:list-level-style-bullet><text:list-level-style-bullet text:level="5" text:style-name="Bullet_20_Symbols" style:num-suffix="." text:bullet-char="‣"><style:list-level-properties text:space-before="3.175cm" text:min-label-width="0.635cm"/></text:list-level-style-bullet><text:list-level-style-bullet text:level="6" text:style-name="Bullet_20_Symbols" style:num-suffix="." text:bullet-char="⁃"><style:list-level-properties text:space-before="3.81cm" text:min-label-width="0.635cm"/></text:list-level-style-bullet><text:list-level-style-bullet text:level="7" text:style-name="Bullet_20_Symbols" style:num-suffix="." text:bullet-char="•"><style:list-level-properties text:space-before="4.445cm" text:min-label-width="0.635cm"/></text:list-level-style-bullet><text:list-level-style-bullet text:level="8" text:style-name="Bullet_20_Symbols" style:num-suffix="." text:bullet-char="‣"><style:list-level-properties text:space-before="5.08cm" text:min-label-width="0.635cm"/></text:list-level-style-bullet><text:list-level-style-bullet text:level="9" text:style-name="Bullet_20_Symbols" style:num-suffix="." text:bullet-char="⁃"><style:list-level-properties text:space-before="5.715cm" text:min-label-width="0.635cm"/></text:list-level-style-bullet><text:list-level-style-bullet text:level="10" text:style-name="Bullet_20_Symbols" style:num-suffix="." text:bullet-char="•"><style:list-level-properties text:space-before="6.35cm" text:min-label-width="0.635cm"/></text:list-level-style-bullet></text:list-style><text:list-style style:name="L2"><text:list-level-style-bullet text:level="1" text:style-name="Bullet_20_Symbols" style:num-suffix="." text:bullet-char="•"><style:list-level-properties text:space-before="0.635cm" text:min-label-width="0.635cm"/></text:list-level-style-bullet><text:list-level-style-bullet text:level="2" text:style-name="Bullet_20_Symbols" style:num-suffix="." text:bullet-char="‣"><style:list-level-properties text:space-before="1.27cm" text:min-label-width="0.635cm"/></text:list-level-style-bullet><text:list-level-style-bullet text:level="3" text:style-name="Bullet_20_Symbols" style:num-suffix="." text:bullet-char="⁃"><style:list-level-properties text:space-before="1.905cm" text:min-label-width="0.635cm"/></text:list-level-style-bullet><text:list-level-style-bullet text:level="4" text:style-name="Bullet_20_Symbols" style:num-suffix="." text:bullet-char="•"><style:list-level-properties text:space-before="2.54cm" text:min-label-width="0.635cm"/></text:list-level-style-bullet><text:list-level-style-bullet text:level="5" text:style-name="Bullet_20_Symbols" style:num-suffix="." text:bullet-char="‣"><style:list-level-properties text:space-before="3.175cm" text:min-label-width="0.635cm"/></text:list-level-style-bullet><text:list-level-style-bullet text:level="6" text:style-name="Bullet_20_Symbols" style:num-suffix="." text:bullet-char="⁃"><style:list-level-properties text:space-before="3.81cm" text:min-label-width="0.635cm"/></text:list-level-style-bullet><text:list-level-style-bullet text:level="7" text:style-name="Bullet_20_Symbols" style:num-suffix="." text:bullet-char="•"><style:list-level-properties text:space-before="4.445cm" text:min-label-width="0.635cm"/></text:list-level-style-bullet><text:list-level-style-bullet text:level="8" text:style-name="Bullet_20_Symbols" style:num-suffix="." text:bullet-char="‣"><style:list-level-properties text:space-before="5.08cm" text:min-label-width="0.635cm"/></text:list-level-style-bullet><text:list-level-style-bullet text:level="9" text:style-name="Bullet_20_Symbols" style:num-suffix="." text:bullet-char="⁃"><style:list-level-properties text:space-before="5.715cm" text:min-label-width="0.635cm"/></text:list-level-style-bullet><text:list-level-style-bullet text:level="10" text:style-name="Bullet_20_Symbols" style:num-suffix="." text:bullet-char="•"><style:list-level-properties text:space-before="6.35cm" text:min-label-width="0.635cm"/></text:list-level-style-bullet></text:list-style><text:list-style style:name="L3"><text:list-level-style-bullet text:level="1" text:style-name="Bullet_20_Symbols" style:num-suffix="." text:bullet-char="•"><style:list-level-properties text:space-before="0.635cm" text:min-label-width="0.635cm"/></text:list-level-style-bullet><text:list-level-style-bullet text:level="2" text:style-name="Bullet_20_Symbols" style:num-suffix="." text:bullet-char="‣"><style:list-level-properties text:space-before="1.27cm" text:min-label-width="0.635cm"/></text:list-level-style-bullet><text:list-level-style-bullet text:level="3" text:style-name="Bullet_20_Symbols" style:num-suffix="." text:bullet-char="⁃"><style:list-level-properties text:space-before="1.905cm" text:min-label-width="0.635cm"/></text:list-level-style-bullet><text:list-level-style-bullet text:level="4" text:style-name="Bullet_20_Symbols" style:num-suffix="." text:bullet-char="•"><style:list-level-properties text:space-before="2.54cm" text:min-label-width="0.635cm"/></text:list-level-style-bullet><text:list-level-style-bullet text:level="5" text:style-name="Bullet_20_Symbols" style:num-suffix="." text:bullet-char="‣"><style:list-level-properties text:space-before="3.175cm" text:min-label-width="0.635cm"/></text:list-level-style-bullet><text:list-level-style-bullet text:level="6" text:style-name="Bullet_20_Symbols" style:num-suffix="." text:bullet-char="⁃"><style:list-level-properties text:space-before="3.81cm" text:min-label-width="0.635cm"/></text:list-level-style-bullet><text:list-level-style-bullet text:level="7" text:style-name="Bullet_20_Symbols" style:num-suffix="." text:bullet-char="•"><style:list-level-properties text:space-before="4.445cm" text:min-label-width="0.635cm"/></text:list-level-style-bullet><text:list-level-style-bullet text:level="8" text:style-name="Bullet_20_Symbols" style:num-suffix="." text:bullet-char="‣"><style:list-level-properties text:space-before="5.08cm" text:min-label-width="0.635cm"/></text:list-level-style-bullet><text:list-level-style-bullet text:level="9" text:style-name="Bullet_20_Symbols" style:num-suffix="." text:bullet-char="⁃"><style:list-level-properties text:space-before="5.715cm" text:min-label-width="0.635cm"/></text:list-level-style-bullet><text:list-level-style-bullet text:level="10" text:style-name="Bullet_20_Symbols" style:num-suffix="." text:bullet-char="•"><style:list-level-properties text:space-before="6.35cm" text:min-label-width="0.635cm"/></text:list-level-style-bullet></text:list-style><text:list-style style:name="L4"><text:list-level-style-bullet text:level="1" text:style-name="Bullet_20_Symbols" style:num-suffix="." text:bullet-char="•"><style:list-level-properties text:space-before="0.635cm" text:min-label-width="0.635cm"/></text:list-level-style-bullet><text:list-level-style-bullet text:level="2" text:style-name="Bullet_20_Symbols" style:num-suffix="." text:bullet-char="‣"><style:list-level-properties text:space-before="1.27cm" text:min-label-width="0.635cm"/></text:list-level-style-bullet><text:list-level-style-bullet text:level="3" text:style-name="Bullet_20_Symbols" style:num-suffix="." text:bullet-char="⁃"><style:list-level-properties text:space-before="1.905cm" text:min-label-width="0.635cm"/></text:list-level-style-bullet><text:list-level-style-bullet text:level="4" text:style-name="Bullet_20_Symbols" style:num-suffix="." text:bullet-char="•"><style:list-level-properties text:space-before="2.54cm" text:min-label-width="0.635cm"/></text:list-level-style-bullet><text:list-level-style-bullet text:level="5" text:style-name="Bullet_20_Symbols" style:num-suffix="." text:bullet-char="‣"><style:list-level-properties text:space-before="3.175cm" text:min-label-width="0.635cm"/></text:list-level-style-bullet><text:list-level-style-bullet text:level="6" text:style-name="Bullet_20_Symbols" style:num-suffix="." text:bullet-char="⁃"><style:list-level-properties text:space-before="3.81cm" text:min-label-width="0.635cm"/></text:list-level-style-bullet><text:list-level-style-bullet text:level="7" text:style-name="Bullet_20_Symbols" style:num-suffix="." text:bullet-char="•"><style:list-level-properties text:space-before="4.445cm" text:min-label-width="0.635cm"/></text:list-level-style-bullet><text:list-level-style-bullet text:level="8" text:style-name="Bullet_20_Symbols" style:num-suffix="." text:bullet-char="‣"><style:list-level-properties text:space-before="5.08cm" text:min-label-width="0.635cm"/></text:list-level-style-bullet><text:list-level-style-bullet text:level="9" text:style-name="Bullet_20_Symbols" style:num-suffix="." text:bullet-char="⁃"><style:list-level-properties text:space-before="5.715cm" text:min-label-width="0.635cm"/></text:list-level-style-bullet><text:list-level-style-bullet text:level="10" text:style-name="Bullet_20_Symbols" style:num-suffix="." text:bullet-char="•"><style:list-level-properties text:space-before="6.35cm" text:min-label-width="0.635cm"/></text:list-level-style-bullet></text:list-style><text:list-style style:name="L5"><text:list-level-style-bullet text:level="1" text:style-name="Bullet_20_Symbols" style:num-suffix="." text:bullet-char="•"><style:list-level-properties text:space-before="0.635cm" text:min-label-width="0.635cm"/></text:list-level-style-bullet><text:list-level-style-bullet text:level="2" text:style-name="Bullet_20_Symbols" style:num-suffix="." text:bullet-char="‣"><style:list-level-properties text:space-before="1.27cm" text:min-label-width="0.635cm"/></text:list-level-style-bullet><text:list-level-style-bullet text:level="3" text:style-name="Bullet_20_Symbols" style:num-suffix="." text:bullet-char="⁃"><style:list-level-properties text:space-before="1.905cm" text:min-label-width="0.635cm"/></text:list-level-style-bullet><text:list-level-style-bullet text:level="4" text:style-name="Bullet_20_Symbols" style:num-suffix="." text:bullet-char="•"><style:list-level-properties text:space-before="2.54cm" text:min-label-width="0.635cm"/></text:list-level-style-bullet><text:list-level-style-bullet text:level="5" text:style-name="Bullet_20_Symbols" style:num-suffix="." text:bullet-char="‣"><style:list-level-properties text:space-before="3.175cm" text:min-label-width="0.635cm"/></text:list-level-style-bullet><text:list-level-style-bullet text:level="6" text:style-name="Bullet_20_Symbols" style:num-suffix="." text:bullet-char="⁃"><style:list-level-properties text:space-before="3.81cm" text:min-label-width="0.635cm"/></text:list-level-style-bullet><text:list-level-style-bullet text:level="7" text:style-name="Bullet_20_Symbols" style:num-suffix="." text:bullet-char="•"><style:list-level-properties text:space-before="4.445cm" text:min-label-width="0.635cm"/></text:list-level-style-bullet><text:list-level-style-bullet text:level="8" text:style-name="Bullet_20_Symbols" style:num-suffix="." text:bullet-char="‣"><style:list-level-properties text:space-before="5.08cm" text:min-label-width="0.635cm"/></text:list-level-style-bullet><text:list-level-style-bullet text:level="9" text:style-name="Bullet_20_Symbols" style:num-suffix="." text:bullet-char="⁃"><style:list-level-properties text:space-before="5.715cm" text:min-label-width="0.635cm"/></text:list-level-style-bullet><text:list-level-style-bullet text:level="10" text:style-name="Bullet_20_Symbols" style:num-suffix="." text:bullet-char="•"><style:list-level-properties text:space-before="6.35cm" text:min-label-width="0.635cm"/></text:list-level-style-bullet></text:list-style><text:list-style style:name="L6"><text:list-level-style-bullet text:level="1" text:style-name="Bullet_20_Symbols" style:num-suffix="." text:bullet-char="•"><style:list-level-properties text:space-before="0.635cm" text:min-label-width="0.635cm"/></text:list-level-style-bullet><text:list-level-style-bullet text:level="2" text:style-name="Bullet_20_Symbols" style:num-suffix="." text:bullet-char="‣"><style:list-level-properties text:space-before="1.27cm" text:min-label-width="0.635cm"/></text:list-level-style-bullet><text:list-level-style-bullet text:level="3" text:style-name="Bullet_20_Symbols" style:num-suffix="." text:bullet-char="⁃"><style:list-level-properties text:space-before="1.905cm" text:min-label-width="0.635cm"/></text:list-level-style-bullet><text:list-level-style-bullet text:level="4" text:style-name="Bullet_20_Symbols" style:num-suffix="." text:bullet-char="•"><style:list-level-properties text:space-before="2.54cm" text:min-label-width="0.635cm"/></text:list-level-style-bullet><text:list-level-style-bullet text:level="5" text:style-name="Bullet_20_Symbols" style:num-suffix="." text:bullet-char="‣"><style:list-level-properties text:space-before="3.175cm" text:min-label-width="0.635cm"/></text:list-level-style-bullet><text:list-level-style-bullet text:level="6" text:style-name="Bullet_20_Symbols" style:num-suffix="." text:bullet-char="⁃"><style:list-level-properties text:space-before="3.81cm" text:min-label-width="0.635cm"/></text:list-level-style-bullet><text:list-level-style-bullet text:level="7" text:style-name="Bullet_20_Symbols" style:num-suffix="." text:bullet-char="•"><style:list-level-properties text:space-before="4.445cm" text:min-label-width="0.635cm"/></text:list-level-style-bullet><text:list-level-style-bullet text:level="8" text:style-name="Bullet_20_Symbols" style:num-suffix="." text:bullet-char="‣"><style:list-level-properties text:space-before="5.08cm" text:min-label-width="0.635cm"/></text:list-level-style-bullet><text:list-level-style-bullet text:level="9" text:style-name="Bullet_20_Symbols" style:num-suffix="." text:bullet-char="⁃"><style:list-level-properties text:space-before="5.715cm" text:min-label-width="0.635cm"/></text:list-level-style-bullet><text:list-level-style-bullet text:level="10" text:style-name="Bullet_20_Symbols" style:num-suffix="." text:bullet-char="•"><style:list-level-properties text:space-before="6.35cm" text:min-label-width="0.635cm"/></text:list-level-style-bullet></text:list-style><text:list-style style:name="L7"><text:list-level-style-bullet text:level="1" text:style-name="Bullet_20_Symbols" style:num-suffix="." text:bullet-char="•"><style:list-level-properties text:space-before="0.635cm" text:min-label-width="0.635cm"/></text:list-level-style-bullet><text:list-level-style-bullet text:level="2" text:style-name="Bullet_20_Symbols" style:num-suffix="." text:bullet-char="‣"><style:list-level-properties text:space-before="1.27cm" text:min-label-width="0.635cm"/></text:list-level-style-bullet><text:list-level-style-bullet text:level="3" text:style-name="Bullet_20_Symbols" style:num-suffix="." text:bullet-char="⁃"><style:list-level-properties text:space-before="1.905cm" text:min-label-width="0.635cm"/></text:list-level-style-bullet><text:list-level-style-bullet text:level="4" text:style-name="Bullet_20_Symbols" style:num-suffix="." text:bullet-char="•"><style:list-level-properties text:space-before="2.54cm" text:min-label-width="0.635cm"/></text:list-level-style-bullet><text:list-level-style-bullet text:level="5" text:style-name="Bullet_20_Symbols" style:num-suffix="." text:bullet-char="‣"><style:list-level-properties text:space-before="3.175cm" text:min-label-width="0.635cm"/></text:list-level-style-bullet><text:list-level-style-bullet text:level="6" text:style-name="Bullet_20_Symbols" style:num-suffix="." text:bullet-char="⁃"><style:list-level-properties text:space-before="3.81cm" text:min-label-width="0.635cm"/></text:list-level-style-bullet><text:list-level-style-bullet text:level="7" text:style-name="Bullet_20_Symbols" style:num-suffix="." text:bullet-char="•"><style:list-level-properties text:space-before="4.445cm" text:min-label-width="0.635cm"/></text:list-level-style-bullet><text:list-level-style-bullet text:level="8" text:style-name="Bullet_20_Symbols" style:num-suffix="." text:bullet-char="‣"><style:list-level-properties text:space-before="5.08cm" text:min-label-width="0.635cm"/></text:list-level-style-bullet><text:list-level-style-bullet text:level="9" text:style-name="Bullet_20_Symbols" style:num-suffix="." text:bullet-char="⁃"><style:list-level-properties text:space-before="5.715cm" text:min-label-width="0.635cm"/></text:list-level-style-bullet><text:list-level-style-bullet text:level="10" text:style-name="Bullet_20_Symbols" style:num-suffix="." text:bullet-char="•"><style:list-level-properties text:space-before="6.35cm" text:min-label-width="0.635cm"/></text:list-level-style-bullet></text:list-style></office:automatic-styles><office:body><office:text text:use-soft-page-breaks="true"><text:sequence-decls><text:sequence-decl text:display-outline-level="0" text:name="Illustration"/><text:sequence-decl text:display-outline-level="0" text:name="Table"/><text:sequence-decl text:display-outline-level="0" text:name="Text"/><text:sequence-decl text:display-outline-level="0" text:name="Drawing"/></text:sequence-decls><text:h text:style-name="Title" text:outline-level="1">PandocとLibreOffice Writerで<text:line-break/>iDエディタのマニュアルを製本する</text:h><text:p text:style-name="Author">のがたじゅん <text:a xlink:type="simple" xlink:href="mailto:nogajun@gmail.com" text:style-name="Internet_20_link" text:visited-style-name="Visited_20_Internet_20_Link"><text:span text:style-name="Definition">nogajun@gmail.com</text:span></text:a></text:p><text:p text:style-name="Date">2014/12/6</text:p><text:h text:style-name="Heading_20_1" text:outline-level="1">PandocとLibreOffice Writerで<text:line-break/>iDエディタのマニュアルを製本する</text:h><text:p text:style-name="First_20_paragraph">この記事は <text:a xlink:type="simple" xlink:href="http://www.adventar.org/calendars/507" text:style-name="Internet_20_link" text:visited-style-name="Visited_20_Internet_20_Link"><text:span text:style-name="Definition">LibreOffice Advent Calendar 2014</text:span></text:a> 6日目の記事です。</text:p><text:p text:style-name="Text_20_body">Web上から<text:a xlink:type="simple" xlink:href="http://www.openstreetmap.org/" text:style-name="Internet_20_link" text:visited-style-name="Visited_20_Internet_20_Link"><text:span text:style-name="Definition">OpenStreetMap</text:span></text:a>が編集できる、iDというエディタがあります。 このエディタの解説が<text:a xlink:type="simple" xlink:href="http://learnosm.org/jp/" text:style-name="Internet_20_link" text:visited-style-name="Visited_20_Internet_20_Link"><text:span text:style-name="Definition">LernOSM</text:span></text:a>にPublic Domainで公開されているのですが、OSMマッピングパーティで人が集まった時には手元で見られるように紙に印刷したいと思い、<text:a xlink:type="simple" xlink:href="http://johnmacfarlane.net/pandoc/" text:style-name="Internet_20_link" text:visited-style-name="Visited_20_Internet_20_Link"><text:span text:style-name="Definition">Pandoc</text:span></text:a>とLibreOffice Writerを使って冊子を作成しました。</text:p><text:p text:style-name="Text_20_body">今回作成したファイル一式はgithubに置いているので、興味のある人はダウンロードして遊んでみて下さい。</text:p><text:list xml:id="list2003449334163504153" text:style-name="L1"><text:list-item><text:p text:style-name="P4">nogajun/pandoc-writer: <text:a xlink:type="simple" xlink:href="https://github.com/nogajun/pandoc-writer" text:style-name="Internet_20_link" text:visited-style-name="Visited_20_Internet_20_Link"><text:span text:style-name="Definition">https://github.com/nogajun/pandoc-writer</text:span></text:a></text:p></text:list-item></text:list><text:h text:style-name="Heading_20_2" text:outline-level="2">Pandocとは</text:h><text:p text:style-name="First_20_paragraph"><text:a xlink:type="simple" xlink:href="http://johnmacfarlane.net/pandoc/" text:style-name="Internet_20_link" text:visited-style-name="Visited_20_Internet_20_Link"><text:span text:style-name="Definition">Pandoc</text:span></text:a>は、Haskellで書かれたドキュメント変換ツールです。 対応文書フォーマットの多さと変換クォリティの高さに定評があります。 Pandocの出力フォーマットにodtがあるので、今回はPandocを使ってHTMLからodtに変換し、LibreOffice Writerを使ってレイアウト編集、それを印刷して製本という手順で冊子を作成します。</text:p><text:p text:style-name="Text_20_body">Debianを使っている人は、aptでインストールできるのでインストールしておきましょう。</text:p><text:p text:style-name="Preformatted_20_Text">$ sudo apt install pandoc</text:p><text:p text:style-name="First_20_paragraph">それ以外のプラットフォームの方は「<text:a xlink:type="simple" xlink:href="http://johnmacfarlane.net/pandoc/installing.html" text:style-name="Internet_20_link" text:visited-style-name="Visited_20_Internet_20_Link"><text:span text:style-name="Definition">Installing</text:span></text:a>」を参照して下さい。 Pandocの詳しい解説についてはユーザーズガイドの日本語訳もあるので、こちらも参照して下さい。</text:p><text:list xml:id="list2831429934892758909" text:style-name="L2"><text:list-item><text:p text:style-name="P5">Pandoc ユーザーズガイド 日本語版 - Japanese Pandoc User&apos;s Association: <text:a xlink:type="simple" xlink:href="http://sky-y.github.io/site-pandoc-jp/users-guide/" text:style-name="Internet_20_link" text:visited-style-name="Visited_20_Internet_20_Link"><text:span text:style-name="Definition">http://sky-y.github.io/site-pandoc-jp/users-guide/</text:span></text:a></text:p></text:list-item></text:list><text:h text:style-name="Heading_20_2" text:outline-level="2">まずはPandocを使ってodtに変換してみる</text:h><text:p text:style-name="First_20_paragraph">冊子の元原稿となる、iDエディタマニュアルのWebページは以下になります。</text:p><text:list xml:id="list3797135821733439500" text:style-name="L3"><text:list-item><text:p text:style-name="P6">iDエディタ - LearnOSM: <text:a xlink:type="simple" xlink:href="http://learnosm.org/jp/editing/id-editor/" text:style-name="Internet_20_link" text:visited-style-name="Visited_20_Internet_20_Link"><text:span text:style-name="Definition">http://learnosm.org/jp/editing/id-editor/</text:span></text:a></text:p></text:list-item></text:list><text:p text:style-name="First_20_paragraph">iDエディタのマニュアルは単一ページです。PandocはhttpでアクセスしてHTML文書を取得できるので、以下のコマンドだけで変換ができます。</text:p><text:p text:style-name="Preformatted_20_Text">$ pandoc -f html -t odt -o ideditor.odt http://learnosm.org/jp/editing/id-editor/</text:p><text:p text:style-name="First_20_paragraph">では、変換したodtファイルをWriterで開いてみましょう。</text:p><text:p text:style-name="Text_20_body">パッと見は悪くないように見えますが、フォントの設定などに違和感を感じると思います。 これはPandocがodtに変換する際に参照している「reference.odt」(テンプレートのottではありません)が、日本語の文書に適していない設定になっているためです。</text:p><text:p text:style-name="Text_20_body">この問題は、日本語の文書向けに設定したodtファイルをオプション「--reference-odt=FILENAME」で指定すると解決できるので参照用odtファイルを作成します。</text:p><text:h text:style-name="Heading_20_2" text:outline-level="2"><text:soft-page-break/>Pandoc参照用のodtファイルを作成する</text:h><text:p text:style-name="First_20_paragraph">Pandoc参照用odtファイルは、スタイルを設定しただけの空のodtファイルですが、独自に作成したodtファイルを使うとうまく変換できない場合もあります。 ですので、オリジナルのreference.odtをひな型にして作成します。</text:p><text:p text:style-name="Text_20_body">reference.odtについては、Debianでは/usr/share/pandoc/data/reference.odtにあるので、これをコピーするか、マニュアルにあるようにように出力して保存したものを用意します。</text:p><text:p text:style-name="Preformatted_20_Text">$ pandoc --print-default-data-file reference.odt &gt; reference.odt</text:p><text:p text:style-name="First_20_paragraph">それでは、用意したreference.odtをWriterで開いてスタイルを編集しますが、スタイルの編集の前に言語設定が日本語環境向けではないので修正しておきましょう。 メニューバー[ツール]-[オプション]からオプションダイアログを開き、以下の個所を変更します。</text:p><text:list xml:id="list2352328083342522291" text:style-name="L4"><text:list-item><text:p text:style-name="P7">[言語設定]-[言語]のアジア諸言語が「なし」になっているので、「標準 - 日本語」に変更</text:p></text:list-item><text:list-item><text:p text:style-name="P7">[LibreOffice Wrter]-[規定のフォント(西欧諸言語)]が変更されているので、「標準」ボタンを押して戻す</text:p></text:list-item><text:list-item><text:p text:style-name="P7">[LibreOffice Wrter]-[規定のフォント(アジア諸言語)]が変更されているので、「標準」ボタンを押して戻す</text:p></text:list-item></text:list><text:p text:style-name="First_20_paragraph">これで日本語の文書でも大丈夫です。 このほか日本語関係の設定で注意する点としては、標準ページスタイルの用紙サイズが「レター」になっていることと余白の幅が変更されています。</text:p><text:p text:style-name="Text_20_body">日本語の標準設定では、用紙サイズ「A4」、余白「2.0cm」ですが、出力する文書によってサイズ、余白は変わってくるので、メニューバー[書式]-[ページ]から確認して、自分が使用する用紙サイズと余白に設定しておきます。</text:p><text:h text:style-name="Heading_20_3" text:outline-level="3">スタイルを作成する</text:h><text:p text:style-name="First_20_paragraph">ここからはスタイルの作成ですが、スタイルについては、手を入れる個所が多く、文章での説明は長くなるので、用意したサンプルファイル(reference-japanese.odt)を元にポイントを説明します。</text:p><text:h text:style-name="Heading_20_4" text:outline-level="4">参照用odtファイルには、スタイルのテストを書いておく</text:h><text:p text:style-name="First_20_paragraph">参照用odtファイルは、中身に何が書いてあってもPandocからは無視されます。 スタイルを作成するとき見栄えを確認しながら調整すると作成しやすいので、あらかじめ使用するスタイルを適用した文章を書いておくとよいでしょう。</text:p><text:h text:style-name="Heading_20_4" text:outline-level="4">オプションの「規定のフォント」は揃えておく</text:h><text:p text:style-name="First_20_paragraph">「規定のフォント」はスタイルでフォントが指定されていない場合に利用されます。 最初に「規定のフォント」を戻しましたが、標準では欧文(西欧諸言語)と和文(アジア諸言語)それぞれ違うフォント、違うサイズで設定されるので、見栄えを整えるときに思わぬところで悩む原因になります。</text:p><text:p text:style-name="Text_20_body">和文と欧文をそれぞれ違うフォント・サイズを割り当てる設定は、スタイルを利用してもできるので、別々に設定したい場合は、スタイル側で設定をするようにして、オプションの「規定のフォント」は和文フォントに揃えておくとよいでしょう。 (reference-japanese.odtでは、見出し以外はIPAex明朝に揃えてあります。)</text:p><text:h text:style-name="P2" text:outline-level="4">段落スタイルの調整ポイント</text:h><text:list xml:id="list216011227342479854" text:style-name="L5"><text:list-item><text:p text:style-name="P8">「標準」は最初に設定する</text:p></text:list-item><text:list-item><text:p text:style-name="P8">「本文」を設定したら、Pandoc独自スタイルの「First Paragraph」も忘れずに設定する</text:p></text:list-item><text:list-item><text:p text:style-name="P8">「見出し」は作りこみましょう。</text:p><text:list text:style-name="L6"><text:list-item><text:p text:style-name="P9">「見出し1」は体裁の区切りを「挿入」にチェックを入れる</text:p></text:list-item></text:list></text:list-item></text:list><text:p text:style-name="First_20_paragraph">段落スタイルの「標準」はすべての段落スタイルの大元になるので、LibreOfficeのスタイル作成の基本としては、なにはなくとも最初に設定をします。 とはいえ、「標準」のスタイルを作り込み過ぎると継承するスタイルにも影響が出るので、設定は基本的な設定だけにとどめておきましょう。</text:p><text:p text:style-name="Text_20_body">「標準」の次に設定するのは「本文」になりますが、Pandocでは「本文」のほかに独自スタイルの「First Paragraph」も設定されているので忘れずに設定します。</text:p><text:p text:style-name="Text_20_body">「見出し」については、日本語ではなじまない斜体を使った見出しがあるので、斜体を使わない形に作りなおしておくと見栄えが良くなります。</text:p><text:p text:style-name="Text_20_body">大見出しである「見出し1」は、体裁タブにある区切り「挿入」にチェックを入れて、種類を「ページ」にしておくと、「見出し1」があればページの先頭から始まるようになるので設定しておくとよいでしょう。</text:p><text:p text:style-name="Text_20_body">これら以外のスタイルについては、最初からすべてを作りこむのは大変なので、足りない部分を継ぎ足していく形で作成すると楽に作業を進められます。</text:p><text:p text:style-name="Text_20_body">変換したファイルが使用しているスタイルを調べるには、「スタイルと書式」の表示を「使用したスタイル」にすると、使用しているスタイル一覧が表示されるので、これを元にするとよいでしょう。</text:p><text:h text:style-name="Heading_20_3" text:outline-level="3">参照用odtファイルを適用して変換する</text:h><text:p text:style-name="First_20_paragraph">作成した参照用ファイルを適用してHTML文書をodtに変換します。</text:p><text:p text:style-name="Text_20_body">変換の前に、毎回、ネットワークからダウンロードするのは時間もかかるので、ローカルに保存をしてからpandocで変換します。</text:p><text:p text:style-name="Text_20_body">HTMLの保存は、Firefox/Iceweaselの「ページを保存」を使うと手軽に画像を含めた完全な形で保存できるのでお薦めです。それ以外でも画像なども含めて保存できるなら、どの方法を使っても構いません。</text:p><text:p text:style-name="Text_20_body">では、odtに変換してみましょう。最初と違うのは「--reference-odt=reference-japanese.odt」で作成した参照用odtを指定している部分が違います。</text:p><text:p text:style-name="Preformatted_20_Text">$ pandoc -f html -t odt --reference-odt=reference-japanese.odt -o ideditor.odt LearnOSM.html</text:p><text:p text:style-name="First_20_paragraph">変換したodtファイルを開いてみます。</text:p><text:p text:style-name="Preformatted_20_Text">$ xdg-open ideditor.odt</text:p><text:p text:style-name="First_20_paragraph">なかなか、いい感じに変換できました。 これをそのまま印刷してもよいのですが、HTML文書で使われていたメニュー部分は不要ですし、レイアウトも紙の文書としてはおかしいので、これを調整して冊子に仕上げます。</text:p><text:h text:style-name="P3" text:outline-level="2">Writerを使って冊子として編集する</text:h><text:p text:style-name="First_20_paragraph">LibreOfficeの印刷には、用紙を真ん中で折ると冊子になるように印刷する「<text:a xlink:type="simple" xlink:href="https://help.libreoffice.org/Writer/Printing_a_Brochure/ja" text:style-name="Internet_20_link" text:visited-style-name="Visited_20_Internet_20_Link"><text:span text:style-name="Definition">パンフレットの印刷</text:span></text:a>」という機能があります。 この機能を使うと簡単に冊子用の印刷・PDFの出力ができるので、A5サイズの冊子として編集していきます。</text:p><text:h text:style-name="Heading_20_3" text:outline-level="3">ページサイズをA4からA5に変更</text:h><text:p text:style-name="First_20_paragraph">「パンフレットの印刷」をするには、ページを印刷する用紙(A4)の半分のサイズ(A5)のページを2ページ面付けする必要があるので用紙サイズをA5に変更します。</text:p><text:p text:style-name="Text_20_body">変更は、サイドバーのプロパティから、標準ページスタイルの用紙サイズを「A5」余白を「狭い」(1.27cm)に変更しました。そして、表紙もつけたいのでページスタイルの「最初のページ」も同じ設定にしました。 これでA4に2ページ分、面付けできるようになりました。</text:p><text:h text:style-name="Heading_20_3" text:outline-level="3">Pandocで変換した画像に注意</text:h><text:p text:style-name="First_20_paragraph">あとは用紙に収まるように編集していきますが、画像については注意が必要です。</text:p><text:p text:style-name="Text_20_body">Pandocは画像のアンカーをすべて「文字として」に設定して変換するので、画像をドラッグしても行内しか移動しませんし、画像の大きさを変更するとつられて文字組みもおかしくなります。 ですので、画像を移動したりレイアウトを変更する場合は、アンカーを「段落に」に変更する必要があります。</text:p><text:h text:style-name="Heading_20_3" text:outline-level="3">タブを挿入して一気に表組みを作る</text:h><text:p text:style-name="First_20_paragraph">iDエディタの説明で、アイコンの機能説明が箇条書きで書いてありますが、これはちょっと不自然なので表組みに変更しました。</text:p><text:p text:style-name="Text_20_body">表を作成するとき、文字列がタブで区切られていると表の区切りとして認識されるので、箇条書きを解除して説明文とアイコンの間にタブを挿入。表組みにする個所を選択して[表]ボタンを押すと一気に表組みが作成できます。</text:p><text:h text:style-name="Heading_20_3" text:outline-level="3">画像の枠はスタイルで</text:h><text:p text:style-name="First_20_paragraph">HTML文書の画像には灰色の枠がついていましたが、LibreOfficeでは枠スタイルの「画像」に「外枠」をつけることで似たような感じにしました。</text:p><text:h text:style-name="Heading_20_3" text:outline-level="3">表紙をつける</text:h><text:p text:style-name="First_20_paragraph">冊子なので表紙をつけたいと思います。表紙をつけるには、「タイトルページ」機能(メニューバー[書式]-[タイトルページ])を使うと、表紙ページとページ番号を自動で設定してくれるので便利です。</text:p><text:p text:style-name="Text_20_body">今回はページ番号を内容ページからつけたかったので利用しましたが、時間があれば表紙に凝ってみるのもいいかもしれません。</text:p><text:h text:style-name="P11" text:outline-level="3">「パンフレットの印刷」で出力</text:h><text:p text:style-name="First_20_paragraph">編集が終わったら「パンフレットの印刷」で出力します。</text:p><text:p text:style-name="Text_20_body"><draw:frame draw:style-name="fr1" draw:name="img1" text:anchor-type="paragraph" svg:width="15cm" svg:height="7.41cm" draw:z-index="0"><draw:image xlink:href="Pictures/10000000000003D0000001E2D2D5D0C4.png" xlink:type="simple" xlink:show="embed" xlink:actuate="onLoad"/></draw:frame>「パンフレットの印刷」で出力するには、メニューバー[ファイル]-[印刷]で印刷ダイアログを開き、 「ページレイアウト」タブにあるラジオボタン「パンフレット」をクリックします。</text:p><text:p text:style-name="Text_20_body"/><text:p text:style-name="Text_20_body">印刷する場合は、このままプリンターを選んで <text:span text:style-name="T1">両面印刷</text:span> をするとパンフレットとして印刷できます。</text:p><text:p text:style-name="Text_20_body">PDFに出力するには、「オプション」タブにある「ファイルへ出力」にチェックを入れると「印刷」ボタンが「ファイルへ出力」ボタンに変わるので、PDFとして保存できます。</text:p><text:p text:style-name="Text_20_body">PDFに出力するとコンビニなどで印刷もできるので、とても便利です。</text:p><text:h text:style-name="Heading_20_2" text:outline-level="2">完成</text:h><text:p text:style-name="First_20_paragraph"><draw:frame draw:style-name="fr1" draw:name="img2" text:anchor-type="paragraph" svg:width="7.999cm" svg:height="7.999cm" draw:z-index="1"><draw:image xlink:href="Pictures/10000000000002170000021783C669D0.png" xlink:type="simple" xlink:show="embed" xlink:actuate="onLoad"/></draw:frame>こんな感じにできあがりました。 本文のフォントサイズを10.5ptにしたけど大きすぎる気がしたので、9ptのほうがよかったかなー。実際に印刷できるマニュアルは <text:span text:style-name="Definition">githubリポジトリ</text:span> に置いているので印刷して自分の好みにあった形に変更してみて下さい。</text:p><text:h text:style-name="Heading_20_2" text:outline-level="2"><text:soft-page-break/>おまけ</text:h><text:p text:style-name="First_20_paragraph">作成したreference-japanese.odtですが、常用する場合は毎回オプションをつけるのは面倒なので、ファイル名を「reference.odt」に変更して以下のディレクトリに保存しておくと、odtに変換時に自動的に適用してくれます。</text:p><text:list xml:id="list2989937634927624773" text:style-name="L7"><text:list-item><text:p text:style-name="P10">Linux: $HOME/.pandoc</text:p></text:list-item><text:list-item><text:p text:style-name="P10">Windows: C:</text:p></text:list-item></text:list><text:p text:style-name="First_20_paragraph">また、変換に使うテンプレートも変更できるので、以下のように出力したodtテンプレートを</text:p><text:p text:style-name="Preformatted_20_Text">$ pandoc -D odt ~/.pandoc/templates/default.opendocument</text:p><text:p text:style-name="First_20_paragraph">odtファイルに含まれるcontent.xmlを参考に変更すると、よりよい形に出力できると思います。</text:p><text:h text:style-name="Heading_20_2" text:outline-level="2">最後に</text:h><text:p text:style-name="First_20_paragraph">例では、HTMLで書かれた文書をodtに変換して編集しましたが、Pandocはさまざまな文書フォーマットに対応しているので、長文の原稿をMarkdownで書いて、LibreOfficeで編集して印刷といったこともできます。</text:p><text:p text:style-name="Text_20_body">ということで、PandocとLibreOffice Writerを使うとテキストエディタで書いて、<text:span text:style-name="T2">そこそこ</text:span>見られる形に整形した文書が作成できるので活用してください。</text:p></office:text></office:body></office:document-content>