<?xml version="1.0" encoding="UTF-8"?>
<office:document-meta xmlns:office="urn:oasis:names:tc:opendocument:xmlns:office:1.0" xmlns:xlink="http://www.w3.org/1999/xlink" xmlns:dc="http://purl.org/dc/elements/1.1/" xmlns:meta="urn:oasis:names:tc:opendocument:xmlns:meta:1.0" xmlns:ooo="http://openoffice.org/2004/office" xmlns:grddl="http://www.w3.org/2003/g/data-view#" office:version="1.2"><office:meta><dc:title>PandocとLibreOffice WriterでiDエディタのマニュアルを製本する</dc:title><dc:date>2014-12-06T19:41:07.375348934</dc:date><meta:editing-duration>PT3M31S</meta:editing-duration><meta:editing-cycles>1</meta:editing-cycles><meta:document-statistic meta:table-count="0" meta:image-count="2" meta:object-count="0" meta:page-count="7" meta:paragraph-count="94" meta:word-count="4514" meta:character-count="5887" meta:non-whitespace-character-count="5798"/><meta:generator>LibreOffice/4.3.3.2$Linux_X86_64 LibreOffice_project/430m0$Build-2</meta:generator></office:meta></office:document-meta>