<?xml version="1.0" encoding="UTF-8"?>
<office:document-styles xmlns:office="urn:oasis:names:tc:opendocument:xmlns:office:1.0" xmlns:style="urn:oasis:names:tc:opendocument:xmlns:style:1.0" xmlns:text="urn:oasis:names:tc:opendocument:xmlns:text:1.0" xmlns:table="urn:oasis:names:tc:opendocument:xmlns:table:1.0" xmlns:draw="urn:oasis:names:tc:opendocument:xmlns:drawing:1.0" xmlns:fo="urn:oasis:names:tc:opendocument:xmlns:xsl-fo-compatible:1.0" xmlns:xlink="http://www.w3.org/1999/xlink" xmlns:dc="http://purl.org/dc/elements/1.1/" xmlns:meta="urn:oasis:names:tc:opendocument:xmlns:meta:1.0" xmlns:number="urn:oasis:names:tc:opendocument:xmlns:datastyle:1.0" xmlns:svg="urn:oasis:names:tc:opendocument:xmlns:svg-compatible:1.0" xmlns:chart="urn:oasis:names:tc:opendocument:xmlns:chart:1.0" xmlns:dr3d="urn:oasis:names:tc:opendocument:xmlns:dr3d:1.0" xmlns:math="http://www.w3.org/1998/Math/MathML" xmlns:form="urn:oasis:names:tc:opendocument:xmlns:form:1.0" xmlns:script="urn:oasis:names:tc:opendocument:xmlns:script:1.0" xmlns:ooo="http://openoffice.org/2004/office" xmlns:ooow="http://openoffice.org/2004/writer" xmlns:oooc="http://openoffice.org/2004/calc" xmlns:dom="http://www.w3.org/2001/xml-events" xmlns:rpt="http://openoffice.org/2005/report" xmlns:of="urn:oasis:names:tc:opendocument:xmlns:of:1.2" xmlns:xhtml="http://www.w3.org/1999/xhtml" xmlns:grddl="http://www.w3.org/2003/g/data-view#" xmlns:officeooo="http://openoffice.org/2009/office" xmlns:tableooo="http://openoffice.org/2009/table" xmlns:drawooo="http://openoffice.org/2010/draw" xmlns:calcext="urn:org:documentfoundation:names:experimental:calc:xmlns:calcext:1.0" xmlns:loext="urn:org:documentfoundation:names:experimental:office:xmlns:loext:1.0" xmlns:css3t="http://www.w3.org/TR/css3-text/" office:version="1.2"><office:font-face-decls><style:font-face style:name="OpenSymbol" svg:font-family="OpenSymbol" style:font-charset="x-symbol"/><style:font-face style:name="IPAexゴシック" svg:font-family="IPAexゴシック"/><style:font-face style:name="IPAex明朝" svg:font-family="IPAex明朝"/><style:font-face style:name="StarSymbol" svg:font-family="StarSymbol"/><style:font-face style:name="Tahoma1" svg:font-family="Tahoma"/><style:font-face style:name="Inconsolata" svg:font-family="Inconsolata" style:font-adornments="標準" style:font-pitch="fixed"/><style:font-face style:name="Courier New" svg:font-family="&apos;Courier New&apos;" style:font-family-generic="modern" style:font-pitch="fixed"/><style:font-face style:name="IPA Pゴシック" svg:font-family="&apos;IPA Pゴシック&apos;" style:font-family-generic="modern" style:font-pitch="fixed"/><style:font-face style:name="Lato" svg:font-family="Lato" style:font-adornments="標準" style:font-pitch="variable"/><style:font-face style:name="Lato Light" svg:font-family="&apos;Lato Light&apos;" style:font-adornments="細字" style:font-pitch="variable"/><style:font-face style:name="Lato Medium" svg:font-family="&apos;Lato Medium&apos;" style:font-adornments="標準" style:font-pitch="variable"/><style:font-face style:name="M+ 1m regular" svg:font-family="&apos;M+ 1m regular&apos;" style:font-adornments="標準" style:font-pitch="variable"/><style:font-face style:name="M+ 1p light" svg:font-family="&apos;M+ 1p light&apos;" style:font-adornments="細字" style:font-pitch="variable"/><style:font-face style:name="M+ 1p regular" svg:font-family="&apos;M+ 1p regular&apos;" style:font-adornments="標準" style:font-pitch="variable"/><style:font-face style:name="Tahoma" svg:font-family="Tahoma" style:font-family-generic="system" style:font-pitch="variable"/></office:font-face-decls><office:styles><style:default-style style:family="graphic"><style:graphic-properties svg:stroke-color="#3465a4" draw:fill-color="#729fcf" fo:wrap-option="wrap" draw:shadow-offset-x="0.3cm" draw:shadow-offset-y="0.3cm" draw:start-line-spacing-horizontal="0.283cm" draw:start-line-spacing-vertical="0.283cm" draw:end-line-spacing-horizontal="0.283cm" draw:end-line-spacing-vertical="0.283cm" style:flow-with-text="false"/><style:paragraph-properties style:text-autospace="ideograph-alpha" style:line-break="strict" style:writing-mode="lr-tb" style:font-independent-line-spacing="false"><style:tab-stops/></style:paragraph-properties><style:text-properties style:use-window-font-color="true" style:font-name="IPAex明朝" fo:font-size="10.5pt" fo:language="en" fo:country="US" style:letter-kerning="true" style:font-name-asian="IPAex明朝" style:font-size-asian="10.5pt" style:language-asian="ja" style:country-asian="JP" style:font-name-complex="Tahoma" style:font-size-complex="12pt" style:language-complex="zxx" style:country-complex="none"/></style:default-style><style:default-style style:family="paragraph"><style:paragraph-properties fo:hyphenation-ladder-count="no-limit" style:text-autospace="ideograph-alpha" style:punctuation-wrap="hanging" style:line-break="strict" style:tab-stop-distance="1.251cm" style:writing-mode="page"/><style:text-properties style:use-window-font-color="true" style:font-name="IPAex明朝" fo:font-size="10.5pt" fo:language="en" fo:country="US" style:letter-kerning="true" style:font-name-asian="IPAex明朝" style:font-size-asian="10.5pt" style:language-asian="ja" style:country-asian="JP" style:font-name-complex="Tahoma" style:font-size-complex="12pt" style:language-complex="zxx" style:country-complex="none" fo:hyphenate="false" fo:hyphenation-remain-char-count="2" fo:hyphenation-push-char-count="2"/></style:default-style><style:default-style style:family="table"><style:table-properties table:border-model="collapsing"/></style:default-style><style:default-style style:family="table-row"><style:table-row-properties fo:keep-together="auto"/></style:default-style><style:style style:name="Standard" style:family="paragraph" style:class="text"><style:paragraph-properties fo:line-height="100%" fo:text-align="start" style:justify-single-word="false" style:punctuation-wrap="simple"/><style:text-properties fo:font-size="10.5pt" style:font-size-asian="10.5pt"/></style:style><style:style style:name="Heading" style:family="paragraph" style:parent-style-name="Standard" style:next-style-name="Text_20_body" style:class="text"><style:paragraph-properties fo:margin-top="0.423cm" fo:margin-bottom="0.212cm" loext:contextual-spacing="false" fo:keep-with-next="always"/><style:text-properties style:font-name="Lato Light" fo:font-family="&apos;Lato Light&apos;" style:font-style-name="細字" style:font-pitch="variable" fo:font-size="14pt" fo:font-weight="250" style:font-name-asian="M+ 1p light" style:font-family-asian="&apos;M+ 1p light&apos;" style:font-style-name-asian="細字" style:font-pitch-asian="variable" style:font-size-asian="14pt" style:font-weight-asian="150" style:font-name-complex="Tahoma" style:font-family-complex="Tahoma" style:font-family-generic-complex="system" style:font-pitch-complex="variable" style:font-size-complex="14pt"/></style:style><style:style style:name="Text_20_body" style:display-name="Text body" style:family="paragraph" style:parent-style-name="Standard" style:class="text" style:master-page-name=""><style:paragraph-properties fo:margin-left="0cm" fo:margin-right="0cm" fo:margin-top="0cm" fo:margin-bottom="0cm" loext:contextual-spacing="false" fo:line-height="150%" fo:text-align="justify" style:justify-single-word="false" fo:text-indent="0.37cm" style:auto-text-indent="false" style:page-number="auto" style:punctuation-wrap="simple"/><style:text-properties fo:font-size="10.5pt" style:font-size-asian="10.5pt"/></style:style><style:style style:name="List" style:family="paragraph" style:parent-style-name="Text_20_body" style:class="list"><style:text-properties fo:font-size="10.5pt" style:font-name-complex="Tahoma1" style:font-family-complex="Tahoma"/></style:style><style:style style:name="Caption" style:family="paragraph" style:parent-style-name="Standard" style:class="extra"><style:paragraph-properties fo:margin-top="0.212cm" fo:margin-bottom="0.212cm" loext:contextual-spacing="false" text:number-lines="false" text:line-number="0"/><style:text-properties fo:font-size="10.5pt" fo:font-style="italic" style:font-name-asian="IPAexゴシック" style:font-family-asian="IPAexゴシック" style:font-size-asian="10.5pt" style:font-style-asian="italic" style:font-name-complex="Tahoma1" style:font-family-complex="Tahoma" style:font-size-complex="12pt" style:font-style-complex="italic"/></style:style><style:style style:name="Index" style:family="paragraph" style:parent-style-name="Standard" style:class="index"><style:paragraph-properties text:number-lines="false" text:line-number="0"/><style:text-properties fo:font-size="10.5pt" style:font-name-complex="Tahoma1" style:font-family-complex="Tahoma"/></style:style><style:style style:name="Heading_20_1" style:display-name="Heading 1" style:family="paragraph" style:parent-style-name="Heading" style:next-style-name="Text_20_body" style:default-outline-level="1" style:class="text" style:master-page-name=""><style:paragraph-properties style:page-number="auto" fo:break-before="page" fo:padding="0.049cm" fo:border-left="none" fo:border-right="none" fo:border-top="none" fo:border-bottom="0.51pt solid #000000" style:shadow="none"/><style:text-properties style:font-name="Lato Light" fo:font-family="&apos;Lato Light&apos;" style:font-style-name="細字" style:font-pitch="variable" fo:font-size="24.8999996185303pt" fo:letter-spacing="normal" fo:font-weight="250" style:font-name-asian="M+ 1p light" style:font-family-asian="&apos;M+ 1p light&apos;" style:font-style-name-asian="細字" style:font-pitch-asian="variable" style:font-size-asian="24.8999996185303pt" style:font-weight-asian="150" style:font-size-complex="115%" style:font-weight-complex="bold"/></style:style><style:style style:name="Heading_20_2" style:display-name="Heading 2" style:family="paragraph" style:parent-style-name="Heading" style:next-style-name="Text_20_body" style:default-outline-level="2" style:class="text"><style:paragraph-properties fo:margin-top="0.6cm" fo:margin-bottom="0.21cm" loext:contextual-spacing="false" fo:padding="0.3cm" fo:border-left="9.01pt solid #cccccc" fo:border-right="none" fo:border-top="none" fo:border-bottom="none" style:shadow="none"/><style:text-properties fo:font-size="18.7000007629395pt" fo:font-style="normal" fo:font-weight="250" style:font-size-asian="18.7000007629395pt" style:font-style-asian="normal" style:font-weight-asian="150" style:font-size-complex="14pt" style:font-style-complex="italic" style:font-weight-complex="bold"/></style:style><style:style style:name="Heading_20_3" style:display-name="Heading 3" style:family="paragraph" style:parent-style-name="Heading" style:next-style-name="Text_20_body" style:default-outline-level="3" style:class="text"><style:paragraph-properties fo:margin-top="0.4cm" fo:margin-bottom="0.199cm" loext:contextual-spacing="false" style:shadow="none"/><style:text-properties style:font-name="Lato" fo:font-family="Lato" style:font-style-name="標準" style:font-pitch="variable" fo:font-size="14pt" fo:font-weight="normal" style:font-name-asian="M+ 1p regular" style:font-family-asian="&apos;M+ 1p regular&apos;" style:font-style-name-asian="標準" style:font-pitch-asian="variable" style:font-size-asian="14pt" style:font-weight-asian="normal" style:font-size-complex="14pt" style:font-weight-complex="bold"/></style:style><style:style style:name="Heading_20_4" style:display-name="Heading 4" style:family="paragraph" style:parent-style-name="Heading" style:next-style-name="Text_20_body" style:default-outline-level="4" style:class="text"><style:paragraph-properties fo:margin-top="0.4cm" fo:margin-bottom="0.199cm" loext:contextual-spacing="false" fo:padding="0.049cm" fo:border-left="none" fo:border-right="none" fo:border-top="none" fo:border-bottom="0.51pt solid #eeeeee" style:shadow="none"/><style:text-properties style:font-name="Lato Medium" fo:font-family="&apos;Lato Medium&apos;" style:font-style-name="標準" style:font-pitch="variable" fo:font-size="10.5pt" fo:font-style="normal" fo:font-weight="normal" style:font-name-asian="M+ 1p regular" style:font-family-asian="&apos;M+ 1p regular&apos;" style:font-style-name-asian="標準" style:font-pitch-asian="variable" style:font-size-asian="10.5pt" style:font-style-asian="normal" style:font-weight-asian="normal" style:font-size-complex="85%" style:font-style-complex="italic" style:font-weight-complex="bold"/></style:style><style:style style:name="Heading_20_5" style:display-name="Heading 5" style:family="paragraph" style:parent-style-name="Heading" style:next-style-name="Text_20_body" style:default-outline-level="5" style:class="text"><style:text-properties fo:font-size="85%" fo:font-weight="bold" style:font-size-asian="85%" style:font-weight-asian="bold" style:font-size-complex="85%" style:font-weight-complex="bold"/></style:style><style:style style:name="Heading_20_6" style:display-name="Heading 6" style:family="paragraph" style:parent-style-name="Heading" style:next-style-name="Text_20_body" style:default-outline-level="6" style:class="text"><style:text-properties fo:font-size="75%" fo:font-weight="bold" style:font-size-asian="75%" style:font-weight-asian="bold" style:font-size-complex="75%" style:font-weight-complex="bold"/></style:style><style:style style:name="Quotations" style:family="paragraph" style:parent-style-name="Standard" style:class="html"><style:paragraph-properties fo:margin-left="0.499cm" fo:margin-right="0cm" fo:margin-top="0.499cm" fo:margin-bottom="0.499cm" loext:contextual-spacing="true" fo:line-height="150%" fo:text-align="justify" style:justify-single-word="false" fo:text-indent="0cm" style:auto-text-indent="false" style:border-line-width-left="0.053cm 0.026cm 0.026cm" fo:padding="0.499cm" fo:border-left="3pt double #eeeeee" fo:border-right="none" fo:border-top="none" fo:border-bottom="none" style:shadow="none" style:punctuation-wrap="simple"/><style:text-properties fo:font-size="10.5pt" style:font-size-asian="10.5pt"/></style:style><style:style style:name="Preformatted_20_Text" style:display-name="Preformatted Text" style:family="paragraph" style:parent-style-name="Standard" style:class="html"><style:paragraph-properties fo:margin-top="0.3cm" fo:margin-bottom="0.3cm" loext:contextual-spacing="true" fo:background-color="#eeeeee" fo:padding-left="0.499cm" fo:padding-right="0.3cm" fo:padding-top="0.3cm" fo:padding-bottom="0.3cm" fo:border="0.06pt solid #eeeeee" style:shadow="none"><style:background-image/></style:paragraph-properties><style:text-properties style:font-name="Inconsolata" fo:font-family="Inconsolata" style:font-style-name="標準" style:font-pitch="fixed" fo:font-size="11pt" fo:font-weight="normal" style:font-name-asian="M+ 1m regular" style:font-family-asian="&apos;M+ 1m regular&apos;" style:font-style-name-asian="標準" style:font-pitch-asian="variable" style:font-size-asian="10.5pt" style:font-name-complex="Courier New" style:font-family-complex="&apos;Courier New&apos;" style:font-family-generic-complex="modern" style:font-pitch-complex="fixed" style:font-size-complex="10pt"/></style:style><style:style style:name="Definition_20_Term" style:display-name="Definition Term" style:family="paragraph" style:parent-style-name="Standard" style:next-style-name="Definition_20_Definition"><style:paragraph-properties fo:margin-top="0.152cm" fo:margin-bottom="0.152cm" loext:contextual-spacing="false"/></style:style><style:style style:name="Definition_20_Definition" style:display-name="Definition Definition" style:family="paragraph" style:parent-style-name="Standard" style:next-style-name="Text_20_body"><style:paragraph-properties fo:margin-left="1.27cm" fo:margin-right="0cm" fo:text-indent="0cm" style:auto-text-indent="false"/></style:style><style:style style:name="Table_20_Contents" style:display-name="Table Contents" style:family="paragraph" style:parent-style-name="Standard" style:class="extra" style:master-page-name=""><style:paragraph-properties fo:margin-left="0cm" fo:margin-right="0cm" fo:text-indent="0cm" style:auto-text-indent="false" style:page-number="auto" text:number-lines="false" text:line-number="0"/></style:style><style:style style:name="Table_20_Heading" style:display-name="Table Heading" style:family="paragraph" style:parent-style-name="Table_20_Contents" style:class="extra"><style:paragraph-properties fo:margin-left="0.076cm" fo:margin-right="0.076cm" fo:text-align="start" style:justify-single-word="false" fo:text-indent="0cm" style:auto-text-indent="false" style:shadow="none" text:number-lines="false" text:line-number="0"/><style:text-properties fo:font-weight="bold" style:font-weight-asian="bold" style:font-weight-complex="bold"/></style:style><style:style style:name="Footnote" style:family="paragraph" style:parent-style-name="Standard" style:class="extra"><style:paragraph-properties fo:margin-left="0.499cm" fo:margin-right="0cm" fo:text-indent="-0.499cm" style:auto-text-indent="false" text:number-lines="false" text:line-number="0"/><style:text-properties fo:font-size="9pt" style:font-size-asian="9pt" style:font-size-complex="10pt"/></style:style><style:style style:name="Footer" style:family="paragraph" style:parent-style-name="Standard" style:class="extra"><style:paragraph-properties text:number-lines="false" text:line-number="0"><style:tab-stops><style:tab-stop style:position="8.255cm" style:type="center"/><style:tab-stop style:position="16.51cm" style:type="right"/></style:tab-stops></style:paragraph-properties></style:style><style:style style:name="Definition_20_Term_20_Tight" style:display-name="Definition Term Tight" style:family="paragraph" style:parent-style-name="Standard" style:next-style-name="Definition_20_Definition_20_Tight"><style:paragraph-properties fo:margin-top="0.203cm" fo:margin-bottom="0.203cm" loext:contextual-spacing="false"/></style:style><style:style style:name="Definition_20_Definition_20_Tight" style:display-name="Definition Definition Tight" style:family="paragraph" style:parent-style-name="Standard"><style:paragraph-properties fo:margin-left="1.27cm" fo:margin-right="0cm" fo:margin-top="0cm" fo:margin-bottom="0cm" loext:contextual-spacing="false" fo:text-indent="0cm" style:auto-text-indent="false"/></style:style><style:style style:name="Date" style:family="paragraph" style:parent-style-name="Standard" style:next-style-name="Text_20_body"><style:text-properties fo:font-style="italic"/></style:style><style:style style:name="Author" style:family="paragraph" style:parent-style-name="Standard" style:next-style-name="Date" style:master-page-name=""><style:paragraph-properties style:page-number="auto"/><style:text-properties fo:font-style="italic"/></style:style><style:style style:name="Horizontal_20_Line" style:display-name="Horizontal Line" style:family="paragraph" style:parent-style-name="Standard" style:next-style-name="Text_20_body" style:class="html"><style:paragraph-properties fo:margin-top="0cm" fo:margin-bottom="0.499cm" loext:contextual-spacing="false" style:border-line-width-bottom="0.002cm 0.035cm 0.002cm" fo:padding="0cm" fo:border-left="none" fo:border-right="none" fo:border-top="none" fo:border-bottom="1.11pt double #808080" text:number-lines="false" text:line-number="0" style:join-border="false"/><style:text-properties fo:font-size="6pt" style:font-size-asian="6pt" style:font-size-complex="6pt"/></style:style><style:style style:name="First_20_paragraph" style:display-name="First paragraph" style:family="paragraph" style:parent-style-name="Standard" style:next-style-name="Text_20_body" style:class="text" style:master-page-name=""><style:paragraph-properties fo:margin-left="0cm" fo:margin-right="0cm" fo:margin-top="0cm" fo:margin-bottom="0cm" loext:contextual-spacing="false" fo:line-height="150%" fo:text-align="justify" style:justify-single-word="false" fo:text-indent="0.37cm" style:auto-text-indent="false" style:page-number="auto"><style:tab-stops/></style:paragraph-properties><style:text-properties fo:font-size="10.5pt" style:font-size-asian="10.5pt"/></style:style><style:style style:name="Title" style:family="paragraph" style:parent-style-name="Heading" style:next-style-name="Text_20_body" style:class="chapter"><style:paragraph-properties fo:text-align="start" style:justify-single-word="false" fo:background-color="transparent"><style:background-image/></style:paragraph-properties><style:text-properties style:font-name="Lato" fo:font-family="Lato" style:font-style-name="標準" style:font-pitch="variable" fo:font-size="32pt" fo:font-weight="normal" style:font-name-asian="M+ 1p regular" style:font-family-asian="&apos;M+ 1p regular&apos;" style:font-style-name-asian="標準" style:font-pitch-asian="variable" style:font-size-asian="32pt" style:font-weight-asian="normal" style:font-size-complex="28pt" style:font-weight-complex="bold"/></style:style><style:style style:name="Subtitle" style:family="paragraph" style:parent-style-name="Heading" style:next-style-name="Text_20_body" style:class="chapter"><style:paragraph-properties fo:margin-top="0.106cm" fo:margin-bottom="0.212cm" loext:contextual-spacing="false" fo:text-align="start" style:justify-single-word="false"/><style:text-properties style:font-name="Lato Light" fo:font-family="&apos;Lato Light&apos;" style:font-style-name="細字" style:font-pitch="variable" fo:font-size="18pt" fo:font-weight="normal" style:font-name-asian="M+ 1p light" style:font-family-asian="&apos;M+ 1p light&apos;" style:font-style-name-asian="細字" style:font-pitch-asian="variable" style:font-size-asian="18pt" style:font-weight-asian="normal" style:font-size-complex="18pt"/></style:style><style:style style:name="Frame_20_contents" style:display-name="Frame contents" style:family="paragraph" style:parent-style-name="Standard" style:class="extra"><style:paragraph-properties fo:margin-left="0cm" fo:margin-right="0cm" fo:line-height="0.55cm" fo:text-align="justify" style:justify-single-word="false" fo:text-indent="0.37cm" style:auto-text-indent="false"/><style:text-properties fo:font-size="10.5pt" style:font-size-asian="10.5pt"/></style:style><style:style style:name="List_20_Contents" style:display-name="List Contents" style:family="paragraph" style:parent-style-name="Standard" style:class="html"><style:paragraph-properties fo:margin-left="1cm" fo:margin-right="0cm" fo:text-indent="0cm" style:auto-text-indent="false"/></style:style><style:style style:name="Numbering_20_Symbols" style:display-name="Numbering Symbols" style:family="text"/><style:style style:name="Bullet_20_Symbols" style:display-name="Bullet Symbols" style:family="text"><style:text-properties style:font-name="Lato" fo:font-family="Lato" style:font-style-name="標準" style:font-pitch="variable" fo:font-size="9pt" style:font-name-asian="M+ 1p regular" style:font-family-asian="&apos;M+ 1p regular&apos;" style:font-style-name-asian="標準" style:font-pitch-asian="variable" style:font-size-asian="9pt" style:font-name-complex="StarSymbol" style:font-family-complex="StarSymbol" style:font-size-complex="9pt"/></style:style><style:style style:name="Emphasis" style:family="text"><style:text-properties fo:font-style="italic" style:font-style-asian="italic" style:font-style-complex="italic"/></style:style><style:style style:name="Strong_20_Emphasis" style:display-name="Strong Emphasis" style:family="text"><style:text-properties fo:font-weight="bold" style:font-weight-asian="bold" style:font-weight-complex="bold"/></style:style><style:style style:name="Strikeout" style:family="text"><style:text-properties style:text-line-through-style="solid" style:text-line-through-type="single"/></style:style><style:style style:name="Superscript" style:family="text"><style:text-properties style:text-position="super 58%"/></style:style><style:style style:name="Subscript" style:family="text"><style:text-properties style:text-position="sub 58%"/></style:style><style:style style:name="Citation" style:family="text"><style:text-properties fo:font-style="italic" style:font-style-asian="italic" style:font-style-complex="italic"/></style:style><style:style style:name="Teletype" style:family="text"><style:text-properties style:font-name="Courier New" fo:font-family="&apos;Courier New&apos;" style:font-family-generic="modern" style:font-pitch="fixed" style:font-name-asian="Courier New" style:font-family-asian="&apos;Courier New&apos;" style:font-family-generic-asian="modern" style:font-pitch-asian="fixed" style:font-name-complex="Courier New" style:font-family-complex="&apos;Courier New&apos;" style:font-family-generic-complex="modern" style:font-pitch-complex="fixed"/></style:style><style:style style:name="Internet_20_link" style:display-name="Internet link" style:family="text"><style:text-properties fo:color="#000080" style:text-underline-style="solid" style:text-underline-width="auto" style:text-underline-color="font-color"/></style:style><style:style style:name="Footnote_20_Symbol" style:display-name="Footnote Symbol" style:family="text"/><style:style style:name="Footnote_20_anchor" style:display-name="Footnote anchor" style:family="text"><style:text-properties style:text-position="super 58%"/></style:style><style:style style:name="Definition" style:family="text"/><style:style style:name="User_20_Entry" style:display-name="User Entry" style:family="text"><style:text-properties style:font-name="Inconsolata" fo:font-family="Inconsolata" style:font-style-name="標準" style:font-pitch="fixed" fo:font-size="12pt" fo:font-weight="normal" style:font-name-asian="M+ 1m regular" style:font-family-asian="&apos;M+ 1m regular&apos;" style:font-style-name-asian="標準" style:font-pitch-asian="variable" style:font-size-asian="10.5pt" style:font-name-complex="IPA Pゴシック" style:font-family-complex="&apos;IPA Pゴシック&apos;" style:font-family-generic-complex="modern" style:font-pitch-complex="fixed"/></style:style><style:style style:name="Source_20_Text" style:display-name="Source Text" style:family="text"><style:text-properties style:font-name="Inconsolata" fo:font-family="Inconsolata" style:font-style-name="標準" style:font-pitch="fixed" fo:font-size="12pt" fo:font-weight="normal" style:font-name-asian="M+ 1m regular" style:font-family-asian="&apos;M+ 1m regular&apos;" style:font-style-name-asian="標準" style:font-pitch-asian="variable" style:font-size-asian="10.5pt" style:font-name-complex="IPA Pゴシック" style:font-family-complex="&apos;IPA Pゴシック&apos;" style:font-family-generic-complex="modern" style:font-pitch-complex="fixed"/></style:style><style:style style:name="Graphics" style:family="graphic"><style:graphic-properties text:anchor-type="paragraph" svg:x="0cm" svg:y="0cm" fo:margin-left="0.101cm" fo:margin-right="0.101cm" fo:margin-top="0.101cm" fo:margin-bottom="0.101cm" style:wrap="none" style:vertical-pos="top" style:vertical-rel="paragraph" style:horizontal-pos="center" style:horizontal-rel="paragraph" fo:background-color="transparent" style:background-transparency="100%" draw:fill="solid" style:shadow="none" draw:shadow-opacity="100%"><style:background-image/><style:columns fo:column-count="1" fo:column-gap="0cm"/></style:graphic-properties></style:style><style:style style:name="Frame" style:family="graphic"><style:graphic-properties text:anchor-type="paragraph" svg:x="0cm" svg:y="0cm" fo:margin-left="0.201cm" fo:margin-right="0.201cm" fo:margin-top="0.201cm" fo:margin-bottom="0.201cm" style:wrap="parallel" style:number-wrapped-paragraphs="no-limit" style:wrap-contour="false" style:vertical-pos="top" style:vertical-rel="paragraph-content" style:horizontal-pos="center" style:horizontal-rel="paragraph-content" fo:padding="0.15cm" fo:border="0.06pt solid #000000"/></style:style><style:style style:name="無題1" style:family="graphic"/><text:outline-style style:name="Outline"><text:outline-level-style text:level="1" style:num-format=""><style:list-level-properties text:min-label-distance="0.381cm"/></text:outline-level-style><text:outline-level-style text:level="2" style:num-format=""><style:list-level-properties text:min-label-distance="0.381cm"/></text:outline-level-style><text:outline-level-style text:level="3" style:num-format=""><style:list-level-properties text:min-label-distance="0.381cm"/></text:outline-level-style><text:outline-level-style text:level="4" style:num-format=""><style:list-level-properties text:min-label-distance="0.381cm"/></text:outline-level-style><text:outline-level-style text:level="5" style:num-format=""><style:list-level-properties text:min-label-distance="0.381cm"/></text:outline-level-style><text:outline-level-style text:level="6" style:num-format=""><style:list-level-properties text:min-label-distance="0.381cm"/></text:outline-level-style><text:outline-level-style text:level="7" style:num-format=""><style:list-level-properties text:min-label-distance="0.381cm"/></text:outline-level-style><text:outline-level-style text:level="8" style:num-format=""><style:list-level-properties text:min-label-distance="0.381cm"/></text:outline-level-style><text:outline-level-style text:level="9" style:num-format=""><style:list-level-properties text:min-label-distance="0.381cm"/></text:outline-level-style><text:outline-level-style text:level="10" style:num-format=""><style:list-level-properties text:min-label-distance="0.381cm"/></text:outline-level-style></text:outline-style><text:list-style style:name="Numbering_20_1" style:display-name="Numbering 1"><text:list-level-style-number text:level="1" text:style-name="Numbering_20_Symbols" style:num-suffix="." style:num-format="1"><style:list-level-properties text:min-label-width="0.499cm"/></text:list-level-style-number><text:list-level-style-number text:level="2" text:style-name="Numbering_20_Symbols" style:num-suffix="." style:num-format="1"><style:list-level-properties text:space-before="0.501cm" text:min-label-width="0.499cm"/></text:list-level-style-number><text:list-level-style-number text:level="3" text:style-name="Numbering_20_Symbols" style:num-suffix="." style:num-format="1"><style:list-level-properties text:space-before="1cm" text:min-label-width="0.499cm"/></text:list-level-style-number><text:list-level-style-number text:level="4" text:style-name="Numbering_20_Symbols" style:num-suffix="." style:num-format="1"><style:list-level-properties text:space-before="1.501cm" text:min-label-width="0.499cm"/></text:list-level-style-number><text:list-level-style-number text:level="5" text:style-name="Numbering_20_Symbols" style:num-suffix="." style:num-format="1"><style:list-level-properties text:space-before="2cm" text:min-label-width="0.499cm"/></text:list-level-style-number><text:list-level-style-number text:level="6" text:style-name="Numbering_20_Symbols" style:num-suffix="." style:num-format="1"><style:list-level-properties text:space-before="2.501cm" text:min-label-width="0.499cm"/></text:list-level-style-number><text:list-level-style-number text:level="7" text:style-name="Numbering_20_Symbols" style:num-suffix="." style:num-format="1"><style:list-level-properties text:space-before="3.001cm" text:min-label-width="0.499cm"/></text:list-level-style-number><text:list-level-style-number text:level="8" text:style-name="Numbering_20_Symbols" style:num-suffix="." style:num-format="1"><style:list-level-properties text:space-before="3.502cm" text:min-label-width="0.499cm"/></text:list-level-style-number><text:list-level-style-number text:level="9" text:style-name="Numbering_20_Symbols" style:num-suffix="." style:num-format="1"><style:list-level-properties text:space-before="4.001cm" text:min-label-width="0.499cm"/></text:list-level-style-number><text:list-level-style-number text:level="10" text:style-name="Numbering_20_Symbols" style:num-suffix="." style:num-format="1"><style:list-level-properties text:space-before="4.502cm" text:min-label-width="0.499cm"/></text:list-level-style-number></text:list-style><text:list-style style:name="Numbering_20_2" style:display-name="Numbering 2"><text:list-level-style-number text:level="1" text:style-name="Numbering_20_Symbols" style:num-format="1"><style:list-level-properties text:min-label-width="0.499cm"/></text:list-level-style-number><text:list-level-style-number text:level="2" text:style-name="Numbering_20_Symbols" style:num-format="1" text:start-value="2"><style:list-level-properties text:space-before="0.499cm" text:min-label-width="0.499cm"/></text:list-level-style-number><text:list-level-style-number text:level="3" text:style-name="Numbering_20_Symbols" style:num-format="1" text:start-value="3"><style:list-level-properties text:space-before="0.998cm" text:min-label-width="1cm"/></text:list-level-style-number><text:list-level-style-number text:level="4" text:style-name="Numbering_20_Symbols" style:num-format="1" text:start-value="4"><style:list-level-properties text:space-before="1.998cm" text:min-label-width="1.251cm"/></text:list-level-style-number><text:list-level-style-number text:level="5" text:style-name="Numbering_20_Symbols" style:num-format="1" text:start-value="5"><style:list-level-properties text:space-before="3.249cm" text:min-label-width="1.499cm"/></text:list-level-style-number><text:list-level-style-number text:level="6" text:style-name="Numbering_20_Symbols" style:num-format="1" text:start-value="6"><style:list-level-properties text:space-before="4.748cm" text:min-label-width="1.801cm"/></text:list-level-style-number><text:list-level-style-number text:level="7" text:style-name="Numbering_20_Symbols" style:num-format="1" text:start-value="7"><style:list-level-properties text:space-before="6.549cm" text:min-label-width="2.3cm"/></text:list-level-style-number><text:list-level-style-number text:level="8" text:style-name="Numbering_20_Symbols" style:num-format="1" text:start-value="8"><style:list-level-properties text:space-before="8.849cm" text:min-label-width="2.6cm"/></text:list-level-style-number><text:list-level-style-number text:level="9" text:style-name="Numbering_20_Symbols" style:num-format="1" text:start-value="9"><style:list-level-properties text:space-before="11.449cm" text:min-label-width="2.801cm"/></text:list-level-style-number><text:list-level-style-number text:level="10" text:style-name="Numbering_20_Symbols" style:num-format="1" text:start-value="10"><style:list-level-properties text:space-before="14.25cm" text:min-label-width="3.101cm"/></text:list-level-style-number></text:list-style><text:list-style style:name="Numbering_20_3" style:display-name="Numbering 3"><text:list-level-style-number text:level="1" text:style-name="Numbering_20_Symbols" style:num-format="1"><style:list-level-properties text:min-label-width="3cm"/></text:list-level-style-number><text:list-level-style-number text:level="2" text:style-name="Numbering_20_Symbols" style:num-format="1" text:start-value="2"><style:list-level-properties text:space-before="3.001cm" text:min-label-width="3cm"/></text:list-level-style-number><text:list-level-style-number text:level="3" text:style-name="Numbering_20_Symbols" style:num-format="1" text:start-value="3"><style:list-level-properties text:space-before="6.001cm" text:min-label-width="3cm"/></text:list-level-style-number><text:list-level-style-number text:level="4" text:style-name="Numbering_20_Symbols" style:num-format="1" text:start-value="4"><style:list-level-properties text:space-before="9.002cm" text:min-label-width="3cm"/></text:list-level-style-number><text:list-level-style-number text:level="5" text:style-name="Numbering_20_Symbols" style:num-format="1" text:start-value="5"><style:list-level-properties text:space-before="12.002cm" text:min-label-width="3cm"/></text:list-level-style-number><text:list-level-style-number text:level="6" text:style-name="Numbering_20_Symbols" style:num-format="1" text:start-value="6"><style:list-level-properties text:space-before="15.002cm" text:min-label-width="3cm"/></text:list-level-style-number><text:list-level-style-number text:level="7" text:style-name="Numbering_20_Symbols" style:num-format="1" text:start-value="7"><style:list-level-properties text:space-before="18.003cm" text:min-label-width="3cm"/></text:list-level-style-number><text:list-level-style-number text:level="8" text:style-name="Numbering_20_Symbols" style:num-format="1" text:start-value="8"><style:list-level-properties text:space-before="21.003cm" text:min-label-width="3cm"/></text:list-level-style-number><text:list-level-style-number text:level="9" text:style-name="Numbering_20_Symbols" style:num-format="1" text:start-value="9"><style:list-level-properties text:space-before="24.003cm" text:min-label-width="3cm"/></text:list-level-style-number><text:list-level-style-number text:level="10" text:style-name="Numbering_20_Symbols" style:num-format="1" text:start-value="10"><style:list-level-properties text:space-before="27.004cm" text:min-label-width="3cm"/></text:list-level-style-number></text:list-style><text:list-style style:name="Numbering_20_4" style:display-name="Numbering 4"><text:list-level-style-number text:level="1" text:style-name="Numbering_20_Symbols" style:num-suffix="." style:num-format="I"><style:list-level-properties text:min-label-width="0.499cm"/></text:list-level-style-number><text:list-level-style-number text:level="2" text:style-name="Numbering_20_Symbols" style:num-suffix="." style:num-format="I" text:start-value="2"><style:list-level-properties text:space-before="0.501cm" text:min-label-width="0.499cm"/></text:list-level-style-number><text:list-level-style-number text:level="3" text:style-name="Numbering_20_Symbols" style:num-suffix="." style:num-format="I" text:start-value="3"><style:list-level-properties text:space-before="1cm" text:min-label-width="0.499cm"/></text:list-level-style-number><text:list-level-style-number text:level="4" text:style-name="Numbering_20_Symbols" style:num-suffix="." style:num-format="I" text:start-value="4"><style:list-level-properties text:space-before="1.501cm" text:min-label-width="0.499cm"/></text:list-level-style-number><text:list-level-style-number text:level="5" text:style-name="Numbering_20_Symbols" style:num-suffix="." style:num-format="I" text:start-value="5"><style:list-level-properties text:space-before="2cm" text:min-label-width="0.499cm"/></text:list-level-style-number><text:list-level-style-number text:level="6" text:style-name="Numbering_20_Symbols" style:num-suffix="." style:num-format="I" text:start-value="6"><style:list-level-properties text:space-before="2.501cm" text:min-label-width="0.499cm"/></text:list-level-style-number><text:list-level-style-number text:level="7" text:style-name="Numbering_20_Symbols" style:num-suffix="." style:num-format="I" text:start-value="7"><style:list-level-properties text:space-before="3.001cm" text:min-label-width="0.499cm"/></text:list-level-style-number><text:list-level-style-number text:level="8" text:style-name="Numbering_20_Symbols" style:num-suffix="." style:num-format="I" text:start-value="8"><style:list-level-properties text:space-before="3.502cm" text:min-label-width="0.499cm"/></text:list-level-style-number><text:list-level-style-number text:level="9" text:style-name="Numbering_20_Symbols" style:num-suffix="." style:num-format="I" text:start-value="9"><style:list-level-properties text:space-before="4.001cm" text:min-label-width="0.499cm"/></text:list-level-style-number><text:list-level-style-number text:level="10" text:style-name="Numbering_20_Symbols" style:num-suffix="." style:num-format="I" text:start-value="10"><style:list-level-properties text:space-before="4.502cm" text:min-label-width="0.499cm"/></text:list-level-style-number></text:list-style><text:list-style style:name="Numbering_20_5" style:display-name="Numbering 5"><text:list-level-style-number text:level="1" text:style-name="Numbering_20_Symbols" style:num-suffix="." style:num-format="1"><style:list-level-properties text:min-label-width="0.4cm"/></text:list-level-style-number><text:list-level-style-number text:level="2" text:style-name="Numbering_20_Symbols" style:num-suffix="." style:num-format="1" text:start-value="2" text:display-levels="2"><style:list-level-properties text:space-before="0.45cm" text:min-label-width="0.651cm"/></text:list-level-style-number><text:list-level-style-number text:level="3" text:style-name="Numbering_20_Symbols" style:num-suffix=")" style:num-format="a" text:start-value="3"><style:list-level-properties text:space-before="1.1cm" text:min-label-width="0.45cm"/></text:list-level-style-number><text:list-level-style-bullet text:level="4" text:style-name="Numbering_20_Symbols" text:bullet-char="•"><style:list-level-properties text:space-before="1.605cm" text:min-label-width="0.395cm"/><style:text-properties style:font-name="StarSymbol"/></text:list-level-style-bullet><text:list-level-style-bullet text:level="5" text:style-name="Numbering_20_Symbols" text:bullet-char="•"><style:list-level-properties text:space-before="2cm" text:min-label-width="0.395cm"/><style:text-properties style:font-name="StarSymbol"/></text:list-level-style-bullet><text:list-level-style-bullet text:level="6" text:style-name="Numbering_20_Symbols" text:bullet-char="•"><style:list-level-properties text:space-before="2.395cm" text:min-label-width="0.395cm"/><style:text-properties style:font-name="StarSymbol"/></text:list-level-style-bullet><text:list-level-style-bullet text:level="7" text:style-name="Numbering_20_Symbols" text:bullet-char="•"><style:list-level-properties text:space-before="2.791cm" text:min-label-width="0.395cm"/><style:text-properties style:font-name="StarSymbol"/></text:list-level-style-bullet><text:list-level-style-bullet text:level="8" text:style-name="Numbering_20_Symbols" text:bullet-char="•"><style:list-level-properties text:space-before="3.186cm" text:min-label-width="0.395cm"/><style:text-properties style:font-name="StarSymbol"/></text:list-level-style-bullet><text:list-level-style-bullet text:level="9" text:style-name="Numbering_20_Symbols" text:bullet-char="•"><style:list-level-properties text:space-before="3.581cm" text:min-label-width="0.395cm"/><style:text-properties style:font-name="StarSymbol"/></text:list-level-style-bullet><text:list-level-style-bullet text:level="10" text:style-name="Numbering_20_Symbols" text:bullet-char="•"><style:list-level-properties text:space-before="3.976cm" text:min-label-width="0.395cm"/><style:text-properties style:font-name="StarSymbol"/></text:list-level-style-bullet></text:list-style><text:list-style style:name="List_20_1" style:display-name="List 1"><text:list-level-style-bullet text:level="1" text:style-name="Numbering_20_Symbols" text:bullet-char="•"><style:list-level-properties text:min-label-width="0.4cm"/><style:text-properties style:font-name="StarSymbol"/></text:list-level-style-bullet><text:list-level-style-bullet text:level="2" text:style-name="Numbering_20_Symbols" text:bullet-char="•"><style:list-level-properties text:space-before="0.401cm" text:min-label-width="0.4cm"/><style:text-properties style:font-name="StarSymbol"/></text:list-level-style-bullet><text:list-level-style-bullet text:level="3" text:style-name="Numbering_20_Symbols" text:bullet-char="•"><style:list-level-properties text:space-before="0.799cm" text:min-label-width="0.4cm"/><style:text-properties style:font-name="StarSymbol"/></text:list-level-style-bullet><text:list-level-style-bullet text:level="4" text:style-name="Numbering_20_Symbols" text:bullet-char="•"><style:list-level-properties text:space-before="1.2cm" text:min-label-width="0.4cm"/><style:text-properties style:font-name="StarSymbol"/></text:list-level-style-bullet><text:list-level-style-bullet text:level="5" text:style-name="Numbering_20_Symbols" text:bullet-char="•"><style:list-level-properties text:space-before="1.6cm" text:min-label-width="0.4cm"/><style:text-properties style:font-name="StarSymbol"/></text:list-level-style-bullet><text:list-level-style-bullet text:level="6" text:style-name="Numbering_20_Symbols" text:bullet-char="•"><style:list-level-properties text:space-before="2.001cm" text:min-label-width="0.4cm"/><style:text-properties style:font-name="StarSymbol"/></text:list-level-style-bullet><text:list-level-style-bullet text:level="7" text:style-name="Numbering_20_Symbols" text:bullet-char="•"><style:list-level-properties text:space-before="2.399cm" text:min-label-width="0.4cm"/><style:text-properties style:font-name="StarSymbol"/></text:list-level-style-bullet><text:list-level-style-bullet text:level="8" text:style-name="Numbering_20_Symbols" text:bullet-char="•"><style:list-level-properties text:space-before="2.8cm" text:min-label-width="0.4cm"/><style:text-properties style:font-name="StarSymbol"/></text:list-level-style-bullet><text:list-level-style-bullet text:level="9" text:style-name="Numbering_20_Symbols" text:bullet-char="•"><style:list-level-properties text:space-before="3.2cm" text:min-label-width="0.4cm"/><style:text-properties style:font-name="StarSymbol"/></text:list-level-style-bullet><text:list-level-style-bullet text:level="10" text:style-name="Numbering_20_Symbols" text:bullet-char="•"><style:list-level-properties text:space-before="3.601cm" text:min-label-width="0.4cm"/><style:text-properties style:font-name="StarSymbol"/></text:list-level-style-bullet></text:list-style><text:list-style style:name="List_20_2" style:display-name="List 2"><text:list-level-style-bullet text:level="1" text:style-name="Numbering_20_Symbols" text:bullet-char="–"><style:list-level-properties text:min-label-width="0.3cm"/><style:text-properties style:font-name="StarSymbol"/></text:list-level-style-bullet><text:list-level-style-bullet text:level="2" text:style-name="Numbering_20_Symbols" text:bullet-char="–"><style:list-level-properties text:space-before="0.3cm" text:min-label-width="0.3cm"/><style:text-properties style:font-name="StarSymbol"/></text:list-level-style-bullet><text:list-level-style-bullet text:level="3" text:style-name="Numbering_20_Symbols" text:bullet-char="–"><style:list-level-properties text:space-before="0.6cm" text:min-label-width="0.3cm"/><style:text-properties style:font-name="StarSymbol"/></text:list-level-style-bullet><text:list-level-style-bullet text:level="4" text:style-name="Numbering_20_Symbols" text:bullet-char="–"><style:list-level-properties text:space-before="0.899cm" text:min-label-width="0.3cm"/><style:text-properties style:font-name="StarSymbol"/></text:list-level-style-bullet><text:list-level-style-bullet text:level="5" text:style-name="Numbering_20_Symbols" text:bullet-char="–"><style:list-level-properties text:space-before="1.199cm" text:min-label-width="0.3cm"/><style:text-properties style:font-name="StarSymbol"/></text:list-level-style-bullet><text:list-level-style-bullet text:level="6" text:style-name="Numbering_20_Symbols" text:bullet-char="–"><style:list-level-properties text:space-before="1.499cm" text:min-label-width="0.3cm"/><style:text-properties style:font-name="StarSymbol"/></text:list-level-style-bullet><text:list-level-style-bullet text:level="7" text:style-name="Numbering_20_Symbols" text:bullet-char="–"><style:list-level-properties text:space-before="1.801cm" text:min-label-width="0.3cm"/><style:text-properties style:font-name="StarSymbol"/></text:list-level-style-bullet><text:list-level-style-bullet text:level="8" text:style-name="Numbering_20_Symbols" text:bullet-char="–"><style:list-level-properties text:space-before="2.101cm" text:min-label-width="0.3cm"/><style:text-properties style:font-name="StarSymbol"/></text:list-level-style-bullet><text:list-level-style-bullet text:level="9" text:style-name="Numbering_20_Symbols" text:bullet-char="–"><style:list-level-properties text:space-before="2.401cm" text:min-label-width="0.3cm"/><style:text-properties style:font-name="StarSymbol"/></text:list-level-style-bullet><text:list-level-style-bullet text:level="10" text:style-name="Numbering_20_Symbols" text:bullet-char="–"><style:list-level-properties text:space-before="2.7cm" text:min-label-width="0.3cm"/><style:text-properties style:font-name="StarSymbol"/></text:list-level-style-bullet></text:list-style><text:list-style style:name="List_20_3" style:display-name="List 3"><text:list-level-style-bullet text:level="1" text:style-name="Numbering_20_Symbols" text:bullet-char="☑"><style:list-level-properties text:min-label-width="0.395cm"/><style:text-properties style:font-name="StarSymbol"/></text:list-level-style-bullet><text:list-level-style-bullet text:level="2" text:style-name="Numbering_20_Symbols" text:bullet-char="□"><style:list-level-properties text:space-before="0.395cm" text:min-label-width="0.395cm"/><style:text-properties style:font-name="StarSymbol"/></text:list-level-style-bullet><text:list-level-style-bullet text:level="3" text:style-name="Numbering_20_Symbols" text:bullet-char="☑"><style:list-level-properties text:min-label-width="0.395cm"/><style:text-properties style:font-name="StarSymbol"/></text:list-level-style-bullet><text:list-level-style-bullet text:level="4" text:style-name="Numbering_20_Symbols" text:bullet-char="□"><style:list-level-properties text:space-before="0.395cm" text:min-label-width="0.395cm"/><style:text-properties style:font-name="StarSymbol"/></text:list-level-style-bullet><text:list-level-style-bullet text:level="5" text:style-name="Numbering_20_Symbols" text:bullet-char="☑"><style:list-level-properties text:min-label-width="0.395cm"/><style:text-properties style:font-name="StarSymbol"/></text:list-level-style-bullet><text:list-level-style-bullet text:level="6" text:style-name="Numbering_20_Symbols" text:bullet-char="□"><style:list-level-properties text:space-before="0.395cm" text:min-label-width="0.395cm"/><style:text-properties style:font-name="StarSymbol"/></text:list-level-style-bullet><text:list-level-style-bullet text:level="7" text:style-name="Numbering_20_Symbols" text:bullet-char="☑"><style:list-level-properties text:min-label-width="0.395cm"/><style:text-properties style:font-name="StarSymbol"/></text:list-level-style-bullet><text:list-level-style-bullet text:level="8" text:style-name="Numbering_20_Symbols" text:bullet-char="□"><style:list-level-properties text:space-before="0.395cm" text:min-label-width="0.395cm"/><style:text-properties style:font-name="StarSymbol"/></text:list-level-style-bullet><text:list-level-style-bullet text:level="9" text:style-name="Numbering_20_Symbols" text:bullet-char="☑"><style:list-level-properties text:min-label-width="0.395cm"/><style:text-properties style:font-name="StarSymbol"/></text:list-level-style-bullet><text:list-level-style-bullet text:level="10" text:style-name="Numbering_20_Symbols" text:bullet-char="□"><style:list-level-properties text:space-before="0.395cm" text:min-label-width="0.395cm"/><style:text-properties style:font-name="StarSymbol"/></text:list-level-style-bullet></text:list-style><text:list-style style:name="List_20_4" style:display-name="List 4"><text:list-level-style-bullet text:level="1" text:style-name="Numbering_20_Symbols" text:bullet-char="➢"><style:list-level-properties text:min-label-width="0.4cm"/><style:text-properties style:font-name="StarSymbol"/></text:list-level-style-bullet><text:list-level-style-bullet text:level="2" text:style-name="Numbering_20_Symbols" text:bullet-char=""><style:list-level-properties text:space-before="0.401cm" text:min-label-width="0.4cm"/><style:text-properties style:font-name="StarSymbol"/></text:list-level-style-bullet><text:list-level-style-bullet text:level="3" text:style-name="Numbering_20_Symbols" text:bullet-char=""><style:list-level-properties text:space-before="0.799cm" text:min-label-width="0.4cm"/><style:text-properties style:font-name="StarSymbol"/></text:list-level-style-bullet><text:list-level-style-bullet text:level="4" text:style-name="Numbering_20_Symbols" text:bullet-char=""><style:list-level-properties text:space-before="1.2cm" text:min-label-width="0.4cm"/><style:text-properties style:font-name="StarSymbol"/></text:list-level-style-bullet><text:list-level-style-bullet text:level="5" text:style-name="Numbering_20_Symbols" text:bullet-char=""><style:list-level-properties text:space-before="1.6cm" text:min-label-width="0.4cm"/><style:text-properties style:font-name="StarSymbol"/></text:list-level-style-bullet><text:list-level-style-bullet text:level="6" text:style-name="Numbering_20_Symbols" text:bullet-char=""><style:list-level-properties text:space-before="2.001cm" text:min-label-width="0.4cm"/><style:text-properties style:font-name="StarSymbol"/></text:list-level-style-bullet><text:list-level-style-bullet text:level="7" text:style-name="Numbering_20_Symbols" text:bullet-char=""><style:list-level-properties text:space-before="2.399cm" text:min-label-width="0.4cm"/><style:text-properties style:font-name="StarSymbol"/></text:list-level-style-bullet><text:list-level-style-bullet text:level="8" text:style-name="Numbering_20_Symbols" text:bullet-char=""><style:list-level-properties text:space-before="2.8cm" text:min-label-width="0.4cm"/><style:text-properties style:font-name="StarSymbol"/></text:list-level-style-bullet><text:list-level-style-bullet text:level="9" text:style-name="Numbering_20_Symbols" text:bullet-char=""><style:list-level-properties text:space-before="3.2cm" text:min-label-width="0.4cm"/><style:text-properties style:font-name="StarSymbol"/></text:list-level-style-bullet><text:list-level-style-bullet text:level="10" text:style-name="Numbering_20_Symbols" text:bullet-char=""><style:list-level-properties text:space-before="3.601cm" text:min-label-width="0.4cm"/><style:text-properties style:font-name="StarSymbol"/></text:list-level-style-bullet></text:list-style><text:list-style style:name="List_20_5" style:display-name="List 5"><text:list-level-style-bullet text:level="1" text:style-name="Numbering_20_Symbols" text:bullet-char="✗"><style:list-level-properties text:min-label-width="0.4cm"/><style:text-properties style:font-name="StarSymbol"/></text:list-level-style-bullet><text:list-level-style-bullet text:level="2" text:style-name="Numbering_20_Symbols" text:bullet-char="✗"><style:list-level-properties text:space-before="0.401cm" text:min-label-width="0.4cm"/><style:text-properties style:font-name="StarSymbol"/></text:list-level-style-bullet><text:list-level-style-bullet text:level="3" text:style-name="Numbering_20_Symbols" text:bullet-char="✗"><style:list-level-properties text:space-before="0.799cm" text:min-label-width="0.4cm"/><style:text-properties style:font-name="StarSymbol"/></text:list-level-style-bullet><text:list-level-style-bullet text:level="4" text:style-name="Numbering_20_Symbols" text:bullet-char="✗"><style:list-level-properties text:space-before="1.2cm" text:min-label-width="0.4cm"/><style:text-properties style:font-name="StarSymbol"/></text:list-level-style-bullet><text:list-level-style-bullet text:level="5" text:style-name="Numbering_20_Symbols" text:bullet-char="✗"><style:list-level-properties text:space-before="1.6cm" text:min-label-width="0.4cm"/><style:text-properties style:font-name="StarSymbol"/></text:list-level-style-bullet><text:list-level-style-bullet text:level="6" text:style-name="Numbering_20_Symbols" text:bullet-char="✗"><style:list-level-properties text:space-before="2.001cm" text:min-label-width="0.4cm"/><style:text-properties style:font-name="StarSymbol"/></text:list-level-style-bullet><text:list-level-style-bullet text:level="7" text:style-name="Numbering_20_Symbols" text:bullet-char="✗"><style:list-level-properties text:space-before="2.399cm" text:min-label-width="0.4cm"/><style:text-properties style:font-name="StarSymbol"/></text:list-level-style-bullet><text:list-level-style-bullet text:level="8" text:style-name="Numbering_20_Symbols" text:bullet-char="✗"><style:list-level-properties text:space-before="2.8cm" text:min-label-width="0.4cm"/><style:text-properties style:font-name="StarSymbol"/></text:list-level-style-bullet><text:list-level-style-bullet text:level="9" text:style-name="Numbering_20_Symbols" text:bullet-char="✗"><style:list-level-properties text:space-before="3.2cm" text:min-label-width="0.4cm"/><style:text-properties style:font-name="StarSymbol"/></text:list-level-style-bullet><text:list-level-style-bullet text:level="10" text:style-name="Numbering_20_Symbols" text:bullet-char="✗"><style:list-level-properties text:space-before="3.601cm" text:min-label-width="0.4cm"/><style:text-properties style:font-name="StarSymbol"/></text:list-level-style-bullet></text:list-style><text:notes-configuration text:note-class="footnote" text:citation-style-name="Footnote_20_Symbol" text:citation-body-style-name="Footnote_20_anchor" style:num-format="1" text:start-value="0" text:footnotes-position="page" text:start-numbering-at="document"/><text:notes-configuration text:note-class="endnote" style:num-format="i" text:start-value="0"/><text:linenumbering-configuration text:number-lines="false" text:offset="0.499cm" style:num-format="1" text:number-position="left" text:increment="5"/></office:styles><office:automatic-styles><style:style style:name="MP1" style:family="paragraph" style:parent-style-name="Footer"><style:paragraph-properties fo:text-align="center" style:justify-single-word="false"/></style:style><style:page-layout style:name="Mpm1"><style:page-layout-properties fo:page-width="21.001cm" fo:page-height="29.7cm" style:num-format="1" style:print-orientation="portrait" fo:margin-top="2.004cm" fo:margin-bottom="2.004cm" fo:margin-left="2.004cm" fo:margin-right="2.004cm" style:writing-mode="lr-tb" style:footnote-max-height="0cm"><style:footnote-sep style:width="0.018cm" style:distance-before-sep="0.101cm" style:distance-after-sep="0.101cm" style:line-style="none" style:adjustment="left" style:rel-width="25%" style:color="#000000"/></style:page-layout-properties><style:header-style/><style:footer-style><style:header-footer-properties fo:min-height="1.016cm" fo:margin-left="0cm" fo:margin-right="0cm" fo:margin-top="0.508cm" style:dynamic-spacing="false"/></style:footer-style></style:page-layout><style:page-layout style:name="Mpm2"><style:page-layout-properties fo:page-width="21.001cm" fo:page-height="29.7cm" style:num-format="1" style:print-orientation="portrait" fo:margin-top="2cm" fo:margin-bottom="2cm" fo:margin-left="2cm" fo:margin-right="2cm" style:writing-mode="lr-tb" style:footnote-max-height="0cm"><style:footnote-sep style:width="0.018cm" style:distance-before-sep="0.101cm" style:distance-after-sep="0.101cm" style:line-style="solid" style:adjustment="left" style:rel-width="25%" style:color="#000000"/></style:page-layout-properties><style:header-style/><style:footer-style/></style:page-layout></office:automatic-styles><office:master-styles><style:master-page style:name="Standard" style:page-layout-name="Mpm1"><style:footer><text:p text:style-name="MP1"><text:page-number text:select-page="current">6</text:page-number> </text:p></style:footer></style:master-page><style:master-page style:name="First_20_Page" style:display-name="First Page" style:page-layout-name="Mpm2" style:next-style-name="Standard"/></office:master-styles></office:document-styles>